timestamp,duration,data/status
2026-01-26T11:11:15.902000+00:00,1293.462,not-afk
2026-01-26T11:11:15.902000+00:00,42.022,not-afk
2026-01-25T23:38:42.261000+00:00,41553.641,afk
2026-01-25T23:38:42.261000+00:00,41473.715,afk
2026-01-25T23:38:42.261000+00:00,41468.668,afk
2026-01-25T23:38:10.312000+00:00,31.951,not-afk
2026-01-25T22:53:39.474000+00:00,2670.837,afk
2026-01-25T22:53:39.474000+00:00,248.834,afk
2026-01-25T22:53:39.474000+00:00,238.792,afk
2026-01-25T22:53:37.757000+00:00,1.729,not-afk
2026-01-25T22:49:18.158000+00:00,259.598,afk
2026-01-25T22:49:18.158000+00:00,224.513,afk
2026-01-25T22:49:18.158000+00:00,214.492,afk
2026-01-25T22:49:18.157000+00:00,0.013,not-afk
2026-01-25T22:49:18.156000+00:00,0.016,not-afk
2026-01-25T22:43:08.840000+00:00,369.322,afk
2026-01-25T22:43:08.840000+00:00,207.807,afk
2026-01-25T22:43:08.840000+00:00,212.819,afk
2026-01-25T22:43:08.840000+00:00,202.795,afk
2026-01-25T22:39:20.839000+00:00,228.013,not-afk
2026-01-25T22:30:58.361000+00:00,502.477,afk
2026-01-25T22:30:58.361000+00:00,341.875,afk
2026-01-25T22:30:58.361000+00:00,331.845,afk
2026-01-25T22:24:03.472000+00:00,414.902,not-afk
2026-01-25T22:17:48.890000+00:00,374.581,afk
2026-01-25T22:17:48.890000+00:00,354.534,afk
2026-01-25T22:17:48.890000+00:00,364.567,afk
2026-01-25T22:17:48.890000+00:00,349.516,afk
2026-01-25T22:17:37.543000+00:00,11.362,not-afk
2026-01-25T21:05:27.236000+00:00,204.496,afk
2026-01-25T21:05:27.235000+00:00,615.54,afk
2026-01-25T21:05:27.235000+00:00,4325.296,afk
2026-01-25T21:05:27.235000+00:00,4330.307,afk
2026-01-25T21:05:27.235000+00:00,4330.307,afk
2026-01-25T21:05:27.235000+00:00,615.54,afk
2026-01-25T21:05:27.234000+00:00,0.015,not-afk
2026-01-25T20:58:30.577000+00:00,416.658,afk
2026-01-25T20:58:30.577000+00:00,280.126,afk
2026-01-25T20:58:30.081000+00:00,0.511,not-afk
2026-01-25T20:49:43.688000+00:00,526.392,afk
2026-01-25T20:49:43.688000+00:00,320.852,afk
2026-01-25T20:49:43.688000+00:00,320.852,afk
2026-01-25T20:49:43.688000+00:00,330.874,afk
2026-01-25T20:49:43.688000+00:00,330.874,afk
2026-01-25T20:49:43.688000+00:00,310.837,afk
2026-01-25T20:43:23.108000+00:00,380.594,not-afk
2026-01-25T20:36:08.813000+00:00,434.294,afk
2026-01-25T20:36:08.813000+00:00,238.656,afk
2026-01-25T20:36:08.813000+00:00,228.626,afk
2026-01-25T20:29:06.125000+00:00,422.702,not-afk
2026-01-25T20:25:00.016000+00:00,246.108,afk
2026-01-25T20:25:00.016000+00:00,206.018,afk
2026-01-25T20:25:00.016000+00:00,211.036,afk
2026-01-25T20:25:00.016000+00:00,190.975,afk
2026-01-25T20:25:00.016000+00:00,190.975,afk
2026-01-25T20:25:00.015000+00:00,0.015,not-afk
2026-01-25T20:18:56.078000+00:00,363.941,afk
2026-01-25T20:18:56.078000+00:00,209.044,afk
2026-01-25T20:18:56.078000+00:00,199.004,afk
2026-01-25T20:16:44.450000+00:00,131.642,not-afk
2026-01-25T20:06:39.844000+00:00,604.605,afk
2026-01-25T20:06:39.844000+00:00,218.68,afk
2026-01-25T20:06:39.844000+00:00,228.701,afk
2026-01-25T20:06:39.844000+00:00,213.667,afk
2026-01-25T20:06:28.517000+00:00,11.342,not-afk
2026-01-25T19:58:30.641000+00:00,477.875,afk
2026-01-25T19:58:30.641000+00:00,216.704,afk
2026-01-25T19:58:30.641000+00:00,221.713,afk
2026-01-25T19:58:30.641000+00:00,221.713,afk
2026-01-25T19:58:30.641000+00:00,206.667,afk
2026-01-25T19:56:40.635000+00:00,110.02,not-afk
2026-01-25T19:40:05.860000+00:00,994.774,afk
2026-01-25T19:40:05.860000+00:00,303.85,afk
2026-01-25T19:40:05.860000+00:00,313.871,afk
2026-01-25T19:40:05.860000+00:00,298.841,afk
2026-01-25T19:39:28.992000+00:00,36.883,not-afk
2026-01-25T19:32:48.094000+00:00,400.897,afk
2026-01-25T19:32:48.094000+00:00,255.369,afk
2026-01-25T19:32:48.094000+00:00,245.345,afk
2026-01-25T19:28:02.426000+00:00,285.682,not-afk
2026-01-25T19:23:01.329000+00:00,301.096,afk
2026-01-25T19:22:51.498000+00:00,9.844,not-afk
2026-01-25T19:07:06.188000+00:00,945.309,afk
2026-01-25T19:07:06.188000+00:00,483.909,afk
2026-01-25T19:07:06.188000+00:00,478.893,afk
2026-01-25T19:01:17.421000+00:00,348.78,not-afk
2026-01-25T19:01:17.421000+00:00,161.008,not-afk
2026-01-25T18:57:15.893000+00:00,241.532,afk
2026-01-25T18:57:15.893000+00:00,207.197,afk
2026-01-25T18:57:15.893000+00:00,197.181,afk
2026-01-25T18:43:06.269000+00:00,849.636,not-afk
2026-01-25T16:00:16.359000+00:00,9769.909,afk
2026-01-25T16:00:16.359000+00:00,7813.427,afk
2026-01-25T16:00:16.359000+00:00,7813.427,afk
2026-01-25T16:00:16.359000+00:00,7823.458,afk
2026-01-25T16:00:16.359000+00:00,7828.474,afk
2026-01-25T16:00:16.359000+00:00,7833.492,afk
2026-01-25T16:00:16.359000+00:00,7838.509,afk
2026-01-25T16:00:16.359000+00:00,7843.525,afk
2026-01-25T16:00:16.359000+00:00,7803.391,afk
2026-01-25T15:52:03.284000+00:00,494.103,not-afk
2026-01-25T15:48:50.080000+00:00,193.203,afk
2026-01-25T15:42:06.283000+00:00,403.807,not-afk
2026-01-25T15:30:41.215000+00:00,685.067,afk
2026-01-25T15:30:41.215000+00:00,214.453,afk
2026-01-25T15:30:38.934000+00:00,2.296,not-afk
2026-01-25T15:23:13.528000+00:00,445.405,afk
2026-01-25T15:23:13.528000+00:00,356.456,afk
2026-01-25T15:23:13.528000+00:00,351.439,afk
2026-01-25T15:15:58.466000+00:00,435.077,not-afk
2026-01-25T15:11:31.733000+00:00,266.732,afk
2026-01-25T15:11:31.733000+00:00,266.732,afk
2026-01-25T15:11:31.733000+00:00,261.741,afk
2026-01-25T15:04:16.958000+00:00,434.788,not-afk
2026-01-25T14:57:48.154000+00:00,388.803,afk
2026-01-25T14:57:48.154000+00:00,218.29,afk
2026-01-25T14:57:48.154000+00:00,208.209,afk
2026-01-25T14:57:10.728000+00:00,37.439,not-afk
2026-01-25T14:50:26.733000+00:00,403.994,afk
2026-01-25T14:50:26.733000+00:00,253.558,afk
2026-01-25T14:50:26.733000+00:00,248.547,afk
2026-01-25T14:50:09.773000+00:00,16.973,not-afk
2026-01-25T14:42:03.262000+00:00,486.51,afk
2026-01-25T14:42:03.262000+00:00,285.887,afk
2026-01-25T14:42:03.262000+00:00,315.983,afk
2026-01-25T14:42:03.262000+00:00,295.919,afk
2026-01-25T14:42:03.262000+00:00,295.919,afk
2026-01-25T14:42:03.262000+00:00,305.953,afk
2026-01-25T14:42:03.262000+00:00,305.953,afk
2026-01-25T14:42:03.262000+00:00,280.873,afk
2026-01-25T14:37:33.169000+00:00,270.096,afk
2026-01-25T14:37:33.169000+00:00,235.196,afk
2026-01-25T14:37:33.169000+00:00,225.169,afk
2026-01-25T14:30:02.007000+00:00,451.176,not-afk
2026-01-25T14:22:10.607000+00:00,471.399,afk
2026-01-25T14:22:10.607000+00:00,255.923,afk
2026-01-25T12:56:05.026000+00:00,5165.595,not-afk
2026-01-24T22:41:36.466000+00:00,3727.759,not-afk
2026-01-24T21:39:13.087000+00:00,3743.378,afk
2026-01-24T21:39:13.087000+00:00,191.978,afk
2026-01-24T21:38:04.546000+00:00,68.553,not-afk
2026-01-24T21:33:02.258000+00:00,302.287,afk
2026-01-24T21:33:02.258000+00:00,196.849,afk
2026-01-24T21:30:13.357000+00:00,168.909,not-afk
2026-01-24T21:23:18.534000+00:00,414.822,afk
2026-01-24T21:23:18.534000+00:00,224.09,afk
2026-01-24T21:23:18.534000+00:00,219.067,afk
2026-01-24T21:20:01.676000+00:00,196.866,not-afk
2026-01-24T21:13:59.839000+00:00,361.836,afk
2026-01-24T21:13:59.839000+00:00,231.559,afk
2026-01-24T21:13:59.839000+00:00,226.552,afk
2026-01-24T21:13:59.839000+00:00,236.573,afk
2026-01-24T21:13:59.839000+00:00,221.533,afk
2026-01-24T21:01:08.060000+00:00,771.785,not-afk
2026-01-24T21:01:08.060000+00:00,111.545,not-afk
2026-01-24T20:57:46.057000+00:00,202.007,afk
2026-01-24T20:44:07.216000+00:00,818.85,not-afk
2026-01-24T20:39:03.432000+00:00,303.783,afk
2026-01-24T20:39:03.432000+00:00,198.438,afk
2026-01-24T20:29:35.433000+00:00,568.014,not-afk
2026-01-24T20:22:25.509000+00:00,429.923,afk
2026-01-24T20:22:25.509000+00:00,224.342,afk
2026-01-24T20:22:25.509000+00:00,214.322,afk
2026-01-24T20:11:07.517000+00:00,678.004,not-afk
2026-01-24T20:05:37.682000+00:00,329.834,afk
2026-01-24T20:05:37.682000+00:00,209.932,afk
2026-01-24T19:52:43.840000+00:00,773.856,not-afk
2026-01-24T19:52:43.840000+00:00,45.281,not-afk
2026-01-24T19:52:43.840000+00:00,31.089,not-afk
2026-01-24T17:25:28.572000+00:00,623.513,afk
2026-01-24T17:25:28.572000+00:00,327.647,afk
2026-01-24T17:25:28.572000+00:00,337.669,afk
2026-01-24T17:25:28.572000+00:00,337.669,afk
2026-01-24T17:25:28.572000+00:00,342.681,afk
2026-01-24T17:25:28.572000+00:00,352.696,afk
2026-01-24T17:25:28.572000+00:00,322.638,afk
2026-01-24T16:46:15.222000+00:00,2353.366,not-afk
2026-01-24T16:42:08.464000+00:00,246.757,afk
2026-01-24T16:42:08.464000+00:00,201.628,afk
2026-01-24T16:35:33.668000+00:00,394.81,not-afk
2026-01-24T16:27:18.824000+00:00,494.843,afk
2026-01-24T16:27:18.824000+00:00,194.119,afk
2026-01-24T16:27:00.705000+00:00,18.133,not-afk
2026-01-24T16:21:53.666000+00:00,307.038,afk
2026-01-24T16:21:53.666000+00:00,198.424,afk
2026-01-24T16:21:21.536000+00:00,32.144,not-afk
2026-01-24T15:26:00.494000+00:00,3321.041,afk
2026-01-24T15:26:00.494000+00:00,192.947,afk
2026-01-24T14:06:26.868000+00:00,4773.641,not-afk
2026-01-24T12:08:58.276000+00:00,7048.591,afk
2026-01-24T12:08:58.276000+00:00,385.027,afk
2026-01-24T12:08:58.276000+00:00,390.037,afk
2026-01-24T12:08:58.276000+00:00,380.008,afk
2026-01-24T12:07:36.169000+00:00,82.121,not-afk
2026-01-24T12:07:36.169000+00:00,15.667,not-afk
2026-01-24T00:08:33.578000+00:00,43142.591,afk
2026-01-24T00:08:30.432000+00:00,3.145,not-afk
2026-01-24T00:08:30.431000+00:00,0,afk
2026-01-23T23:29:41.291000+00:00,625.956,afk
2026-01-23T23:29:41.291000+00:00,259.154,afk
2026-01-23T23:29:41.291000+00:00,269.223,afk
2026-01-23T23:29:41.291000+00:00,254.101,afk
2026-01-23T23:23:58.921000+00:00,342.384,not-afk
2026-01-23T23:19:01.949000+00:00,296.971,afk
2026-01-23T23:19:01.949000+00:00,221.594,afk
2026-01-23T23:19:01.949000+00:00,211.566,afk
2026-01-23T23:11:51.928000+00:00,430.034,not-afk
2026-01-23T23:11:51.927000+00:00,0,afk
2026-01-23T22:55:05.574000+00:00,613.372,afk
2026-01-23T22:55:05.574000+00:00,523.03,afk
2026-01-23T22:55:05.574000+00:00,507.963,afk
2026-01-23T22:55:05.574000+00:00,512.983,afk
2026-01-23T22:55:05.574000+00:00,512.983,afk
2026-01-23T22:55:05.574000+00:00,533.077,afk
2026-01-23T22:55:05.574000+00:00,502.93,afk
2026-01-23T20:13:39.730000+00:00,9685.867,not-afk
2026-01-23T20:09:52.038000+00:00,227.691,afk
2026-01-23T20:09:52.038000+00:00,217.8,afk
2026-01-23T20:09:52.038000+00:00,222.818,afk
2026-01-23T20:09:52.038000+00:00,207.75,afk
2026-01-23T20:07:43.943000+00:00,128.106,not-afk
2026-01-23T19:55:16.036000+00:00,747.906,afk
2026-01-23T19:55:16.036000+00:00,222.406,afk
2026-01-23T19:37:59.849000+00:00,1036.202,not-afk
2026-01-23T19:29:51.130000+00:00,488.718,afk
2026-01-23T19:29:51.130000+00:00,323.15,afk
2026-01-23T19:29:51.130000+00:00,318.098,afk
2026-01-23T19:26:11.566000+00:00,219.579,not-afk
2026-01-23T19:26:11.566000+00:00,133.816,not-afk
2026-01-23T19:26:11.566000+00:00,145.246,not-afk
2026-01-23T19:26:11.566000+00:00,156.529,not-afk
2026-01-23T19:26:11.566000+00:00,185.845,not-afk
2026-01-23T19:26:11.566000+00:00,196.352,not-afk
2026-01-23T19:26:11.566000+00:00,211.64,not-afk
2026-01-23T19:26:11.566000+00:00,111.13,not-afk
2026-01-23T19:15:07.113000+00:00,664.467,afk
2026-01-23T19:15:07.113000+00:00,259.182,afk
2026-01-23T19:15:07.113000+00:00,249.165,afk
2026-01-23T19:11:49.843000+00:00,197.285,not-afk
2026-01-23T15:53:31.521000+00:00,11898.321,afk
2026-01-23T15:53:31.521000+00:00,305.697,afk
2026-01-23T15:53:31.521000+00:00,315.747,afk
2026-01-23T15:53:31.521000+00:00,300.66,afk
2026-01-23T13:55:40.045000+00:00,1961.836,not-afk
2026-01-23T13:36:12.949000+00:00,1167.095,afk
2026-01-23T13:17:35.247000+00:00,1117.701,not-afk
2026-01-23T10:22:02.203000+00:00,6318.879,not-afk
2026-01-22T23:01:27.986000+00:00,4934.432,not-afk
2026-01-22T22:48:11.840000+00:00,796.145,afk
2026-01-22T22:48:11.840000+00:00,584.414,afk
2026-01-22T22:48:11.840000+00:00,594.452,afk
2026-01-22T22:48:11.840000+00:00,594.452,afk
2026-01-22T22:48:11.840000+00:00,579.405,afk
2026-01-22T21:25:53.749000+00:00,4938.106,not-afk
2026-01-22T21:25:53.749000+00:00,10.654,not-afk
2026-01-22T21:16:09.902000+00:00,583.855,afk
2026-01-22T21:16:09.902000+00:00,198.289,afk
2026-01-22T19:50:00.230000+00:00,5169.685,not-afk
2026-01-22T19:50:00.230000+00:00,131.516,not-afk
2026-01-22T19:50:00.230000+00:00,111.232,not-afk
2026-01-21T23:43:06.777000+00:00,263.036,not-afk
2026-01-21T23:43:06.777000+00:00,112.792,not-afk
2026-01-21T23:43:06.777000+00:00,122.826,not-afk
2026-01-21T23:43:06.777000+00:00,137.839,not-afk
2026-01-21T23:43:06.777000+00:00,77.667,not-afk
2026-01-21T23:31:40.043000+00:00,686.743,afk
2026-01-21T23:31:40.043000+00:00,197.517,afk
2026-01-21T23:31:12.076000+00:00,27.982,not-afk
2026-01-21T23:26:57.247000+00:00,224.771,afk
2026-01-21T23:26:57.247000+00:00,239.811,afk
2026-01-21T23:26:57.247000+00:00,219.76,afk
2026-01-21T23:26:57.246000+00:00,254.829,afk
2026-01-21T23:26:57.246000+00:00,254.829,afk
2026-01-21T23:26:57.246000+00:00,249.837,afk
2026-01-21T23:26:56.579000+00:00,0.681,not-afk
2026-01-21T23:18:05.230000+00:00,531.348,afk
2026-01-21T23:18:05.230000+00:00,436.054,afk
2026-01-21T23:18:05.230000+00:00,431.03,afk
2026-01-21T23:16:59.164000+00:00,66.081,not-afk
2026-01-21T23:06:26.230000+00:00,632.933,afk
2026-01-21T23:06:26.230000+00:00,362.811,afk
2026-01-21T23:06:26.230000+00:00,357.803,afk
2026-01-21T22:54:41.674000+00:00,704.57,not-afk
2026-01-21T22:46:54.730000+00:00,466.943,afk
2026-01-21T22:34:38.071000+00:00,736.673,not-afk
2026-01-21T22:27:43.731000+00:00,414.339,afk
2026-01-21T22:27:43.731000+00:00,248.196,afk
2026-01-21T22:27:43.731000+00:00,248.196,afk
2026-01-21T22:27:43.731000+00:00,238.093,afk
2026-01-21T21:59:37.349000+00:00,1686.397,not-afk
2026-01-21T06:25:20.633000+00:00,56056.715,afk
2026-01-21T06:25:20.633000+00:00,259.502,afk
2026-01-21T06:25:20.633000+00:00,269.534,afk
2026-01-21T06:25:20.633000+00:00,254.486,afk
2026-01-21T05:46:04.763000+00:00,2355.885,not-afk
2026-01-20T04:49:25.024000+00:00,89799.738,afk
2026-01-20T04:49:25.024000+00:00,58815.983,afk
2026-01-20T04:49:25.024000+00:00,58826.015,afk
2026-01-20T04:49:25.024000+00:00,58810.952,afk
2026-01-20T04:49:25.024000+00:00,58805.925,afk
2026-01-20T04:28:31.822000+00:00,902.744,afk
2026-01-20T04:28:31.822000+00:00,389.042,afk
2026-01-20T04:27:45.485000+00:00,0,afk
2026-01-20T04:27:45.484000+00:00,0,not-afk
2026-01-20T04:27:45.480000+00:00,46.356,not-afk
2026-01-20T04:27:45.480000+00:00,43.976,not-afk
2026-01-20T00:37:51.004000+00:00,13205.845,afk
2026-01-20T00:37:51.004000+00:00,209.52,afk
2026-01-20T00:37:51.004000+00:00,204.51,afk
2026-01-20T00:37:51.001000+00:00,0.01,not-afk
2026-01-20T00:37:50.997000+00:00,0.018,not-afk
2026-01-20T00:30:15.697000+00:00,455.308,afk
2026-01-20T00:30:15.697000+00:00,193.623,afk
2026-01-20T00:30:06.561000+00:00,9.148,not-afk
2026-01-20T00:15:11.035000+00:00,895.525,afk
2026-01-20T00:15:11.035000+00:00,194.772,afk
2026-01-20T00:15:11.029000+00:00,0.009,not-afk
2026-01-20T00:15:11.028000+00:00,0.02,not-afk
2026-01-19T23:10:51.886000+00:00,3859.142,afk
2026-01-19T23:10:51.886000+00:00,334.881,afk
2026-01-19T23:10:51.886000+00:00,324.868,afk
2026-01-19T23:10:50.913000+00:00,0.988,not-afk
2026-01-19T22:32:03.182000+00:00,2327.73,afk
2026-01-19T22:32:03.182000+00:00,529.965,afk
2026-01-19T22:32:03.182000+00:00,534.981,afk
2026-01-19T22:32:03.182000+00:00,519.946,afk
2026-01-19T22:23:45.939000+00:00,497.258,not-afk
2026-01-19T22:18:45.839000+00:00,300.099,afk
2026-01-19T22:18:45.839000+00:00,259.999,afk
2026-01-19T22:15:19.619000+00:00,206.235,not-afk
2026-01-19T21:59:14.276000+00:00,965.342,afk
2026-01-19T21:59:14.276000+00:00,220.945,afk
2026-01-19T21:59:14.276000+00:00,210.846,afk
2026-01-19T21:58:11.341000+00:00,62.95,not-afk
2026-01-19T21:58:11.340000+00:00,0,afk
2026-01-18T18:29:41.636000+00:00,94785.042,afk
2026-01-18T18:29:41.636000+00:00,89611.3,afk
2026-01-18T18:29:41.636000+00:00,89621.415,afk
2026-01-18T18:29:41.636000+00:00,89606.279,afk
2026-01-18T18:11:22.142000+00:00,1099.498,not-afk
2026-01-18T18:07:44.827000+00:00,217.314,afk
2026-01-18T17:58:05.182000+00:00,579.656,not-afk
2026-01-18T17:58:05.181000+00:00,0,afk
2026-01-18T17:48:17.817000+00:00,189.021,afk
2026-01-18T17:47:16.265000+00:00,61.557,not-afk
2026-01-18T17:47:16.264000+00:00,0,afk
2026-01-18T17:35:37.828000+00:00,182.844,afk
2026-01-18T17:21:49.854000+00:00,827.984,not-afk
2026-01-18T17:13:33.386000+00:00,496.467,afk
2026-01-18T17:13:33.386000+00:00,458.216,afk
2026-01-18T17:13:33.386000+00:00,463.295,afk
2026-01-18T17:13:33.386000+00:00,448.17,afk
2026-01-18T17:11:21.613000+00:00,131.787,not-afk
2026-01-18T17:11:21.613000+00:00,11.778,not-afk
2026-01-18T17:03:20.198000+00:00,481.42,afk
2026-01-18T17:03:20.198000+00:00,205.618,afk
2026-01-18T17:00:29.563000+00:00,170.65,not-afk
2026-01-18T16:53:06.839000+00:00,442.723,afk
2026-01-18T16:53:06.839000+00:00,236.714,afk
2026-01-18T16:53:06.839000+00:00,231.687,afk
2026-01-18T16:52:52.908000+00:00,13.946,not-afk
2026-01-18T16:52:52.907000+00:00,0,afk
2026-01-18T15:31:24.481000+00:00,193.682,afk
2026-01-18T15:31:24.481000+00:00,193.682,afk
2026-01-18T15:23:09.919000+00:00,494.576,not-afk
2026-01-18T15:23:09.919000+00:00,106.758,not-afk
2026-01-18T15:23:09.919000+00:00,141.823,not-afk
2026-01-18T15:23:09.919000+00:00,35.02,not-afk
2026-01-18T15:18:06.653000+00:00,303.275,afk
2026-01-18T15:15:24.451000+00:00,162.216,not-afk
2026-01-18T15:15:24.450000+00:00,0,afk
2026-01-18T14:41:53.022000+00:00,186.141,afk
2026-01-18T14:29:45.390000+00:00,727.636,not-afk
2026-01-17T23:57:59.319000+00:00,75.239,not-afk
2026-01-17T23:53:16.996000+00:00,282.322,afk
2026-01-17T23:53:16.996000+00:00,207.157,afk
2026-01-17T23:51:58.563000+00:00,78.444,not-afk
2026-01-17T23:47:48.230000+00:00,250.332,afk
2026-01-17T23:47:48.230000+00:00,215.201,afk
2026-01-17T23:47:48.230000+00:00,205.169,afk
2026-01-17T23:41:54.994000+00:00,353.249,not-afk
2026-01-17T23:18:21.409000+00:00,1413.584,afk
2026-01-17T23:18:21.409000+00:00,217.182,afk
2026-01-17T23:18:12.946000+00:00,8.477,not-afk
2026-01-17T23:11:06.657000+00:00,426.288,afk
2026-01-17T23:11:06.657000+00:00,255.791,afk
2026-01-17T23:11:06.657000+00:00,255.791,afk
2026-01-17T23:11:06.657000+00:00,265.866,afk
2026-01-17T23:11:06.657000+00:00,245.76,afk
2026-01-17T23:10:06.604000+00:00,60.065,not-afk
2026-01-17T23:06:17.669000+00:00,228.934,afk
2026-01-17T23:06:17.669000+00:00,228.934,afk
2026-01-17T23:06:17.669000+00:00,223.919,afk
2026-01-17T23:06:15.964000+00:00,1.72,not-afk
2026-01-17T22:56:16.651000+00:00,599.312,afk
2026-01-17T22:56:16.651000+00:00,218.466,afk
2026-01-17T22:56:16.651000+00:00,208.427,afk
2026-01-17T22:45:38.435000+00:00,638.228,not-afk
2026-01-17T22:37:03.951000+00:00,514.483,afk
2026-01-17T22:36:22.168000+00:00,41.797,not-afk
2026-01-17T22:33:15.701000+00:00,186.466,afk
2026-01-17T22:33:01.758000+00:00,13.953,not-afk
2026-01-17T21:56:56.933000+00:00,2164.824,afk
2026-01-17T21:56:56.933000+00:00,372.852,afk
2026-01-17T21:56:56.933000+00:00,362.818,afk
2026-01-17T21:55:53.844000+00:00,63.102,not-afk
2026-01-17T21:44:17.527000+00:00,696.316,afk
2026-01-17T21:44:17.527000+00:00,209.188,afk
2026-01-17T21:44:17.527000+00:00,219.255,afk
2026-01-17T21:44:17.527000+00:00,0.015,not-afk
2026-01-17T21:44:17.527000+00:00,214.197,afk
2026-01-17T21:44:17.527000+00:00,204.181,afk
2026-01-17T21:39:02.294000+00:00,315.243,afk
2026-01-17T21:39:02.294000+00:00,233.737,afk
2026-01-17T21:39:02.294000+00:00,223.709,afk
2026-01-17T21:38:44.023000+00:00,18.284,not-afk
2026-01-17T19:26:43.621000+00:00,7920.401,afk
2026-01-17T19:26:43.621000+00:00,535.663,afk
2026-01-17T19:26:43.621000+00:00,540.672,afk
2026-01-17T19:26:43.621000+00:00,540.672,afk
2026-01-17T19:26:43.621000+00:00,550.703,afk
2026-01-17T19:26:43.621000+00:00,550.703,afk
2026-01-17T19:26:43.621000+00:00,525.644,afk
2026-01-17T19:25:27.546000+00:00,76.089,not-afk
2026-01-17T19:17:36.871000+00:00,470.674,afk
2026-01-17T19:17:36.871000+00:00,300.1,afk
2026-01-17T19:17:36.871000+00:00,305.122,afk
2026-01-17T19:17:36.871000+00:00,290.067,afk
2026-01-17T19:13:37.948000+00:00,238.937,not-afk
2026-01-17T19:13:37.948000+00:00,206.555,not-afk
2026-01-17T19:13:37.948000+00:00,233.295,not-afk
2026-01-17T19:13:37.948000+00:00,161.806,not-afk
2026-01-17T19:10:07.077000+00:00,210.881,afk
2026-01-17T19:10:07.077000+00:00,210.881,afk
2026-01-17T19:10:07.077000+00:00,208.71,afk
2026-01-17T19:08:59.544000+00:00,67.544,not-afk
2026-01-17T19:05:34.279000+00:00,205.264,afk
2026-01-17T19:05:34.279000+00:00,190.878,afk
2026-01-17T18:53:52.880000+00:00,701.411,not-afk
2026-01-17T18:47:37.480000+00:00,375.399,afk
2026-01-17T18:47:37.480000+00:00,290.159,afk
2026-01-17T18:47:37.480000+00:00,280.099,afk
2026-01-17T18:46:51.896000+00:00,45.599,not-afk
2026-01-17T18:42:04.652000+00:00,287.243,afk
2026-01-17T18:42:04.652000+00:00,262.109,afk
2026-01-17T18:42:04.652000+00:00,257.064,afk
2026-01-17T18:36:25.382000+00:00,339.285,not-afk
2026-01-17T18:28:01.230000+00:00,504.151,afk
2026-01-17T18:28:01.230000+00:00,469.083,afk
2026-01-17T18:28:01.230000+00:00,479.115,afk
2026-01-17T18:28:01.230000+00:00,484.164,afk
2026-01-17T18:28:01.230000+00:00,464.067,afk
2026-01-17T18:13:37.528000+00:00,863.717,not-afk
2026-01-17T18:08:20.622000+00:00,316.905,afk
2026-01-17T18:08:20.622000+00:00,226.717,afk
2026-01-17T18:08:20.622000+00:00,221.695,afk
2026-01-17T18:06:26.477000+00:00,114.158,not-afk
2026-01-17T17:54:50.871000+00:00,695.605,afk
2026-01-17T17:54:50.871000+00:00,354.624,afk
2026-01-17T17:54:50.871000+00:00,354.624,afk
2026-01-17T17:54:50.871000+00:00,344.593,afk
2026-01-17T17:54:40.621000+00:00,10.265,not-afk
2026-01-17T17:50:54.642000+00:00,225.978,afk
2026-01-17T17:45:01.983000+00:00,352.668,not-afk
2026-01-17T17:45:01.982000+00:00,0,afk
2026-01-17T17:22:07.386000+00:00,617.212,afk
2026-01-17T17:22:07.386000+00:00,324.795,afk
2026-01-17T17:22:07.386000+00:00,324.795,afk
2026-01-17T17:22:07.386000+00:00,334.885,afk
2026-01-17T17:22:07.386000+00:00,314.781,afk
2026-01-17T17:22:07.385000+00:00,0.015,not-afk
2026-01-16T13:12:48.346000+00:00,332.142,not-afk
2026-01-15T23:42:12.928000+00:00,91.599,not-afk
2026-01-15T23:02:02.634000+00:00,2410.293,afk
2026-01-15T23:02:02.634000+00:00,305.156,afk
2026-01-15T23:02:02.634000+00:00,305.156,afk
2026-01-15T23:02:02.634000+00:00,295.123,afk
2026-01-15T23:01:46.665000+00:00,15.98,not-afk
2026-01-15T22:57:38.886000+00:00,247.778,afk
2026-01-15T22:55:19.305000+00:00,139.593,not-afk
2026-01-15T22:52:08.127000+00:00,191.177,afk
2026-01-15T22:52:08.127000+00:00,191.177,afk
2026-01-15T22:51:20.301000+00:00,47.831,not-afk
2026-01-15T22:33:32.744000+00:00,1067.556,afk
2026-01-15T22:33:32.744000+00:00,205.221,afk
2026-01-15T22:30:42.181000+00:00,170.576,not-afk
2026-01-15T22:27:04.670000+00:00,207.495,afk
2026-01-15T22:27:04.670000+00:00,202.479,afk
2026-01-15T22:27:04.667000+00:00,217.513,afk
2026-01-15T22:27:04.667000+00:00,217.513,afk
2026-01-15T22:18:23.987000+00:00,520.693,not-afk
2026-01-15T22:18:23.987000+00:00,71.829,not-afk
2026-01-15T22:13:41.470000+00:00,282.517,afk
2026-01-15T22:13:41.470000+00:00,275.728,afk
2026-01-15T22:13:41.470000+00:00,275.728,afk
2026-01-15T22:13:41.470000+00:00,265.696,afk
2026-01-15T22:09:55.039000+00:00,226.439,not-afk
2026-01-15T22:09:55.038000+00:00,0,afk
2026-01-15T20:25:58.044000+00:00,604.178,afk
2026-01-15T20:25:58.044000+00:00,197.495,afk
2026-01-15T20:25:58.044000+00:00,197.495,afk
2026-01-15T20:25:58.044000+00:00,187.445,afk
2026-01-15T20:25:58.043000+00:00,0,not-afk
2026-01-15T20:21:18.561000+00:00,279.489,afk
2026-01-15T20:21:18.561000+00:00,221.408,afk
2026-01-15T20:21:18.561000+00:00,211.371,afk
2026-01-15T20:21:14.547000+00:00,4.026,not-afk
2026-01-15T20:05:27.011000+00:00,947.535,afk
2026-01-15T20:05:27.011000+00:00,199.468,afk
2026-01-15T20:04:15.912000+00:00,71.113,not-afk
2026-01-15T20:01:06.270000+00:00,189.641,afk
2026-01-15T20:01:06.265000+00:00,0.002,not-afk
2026-01-15T20:01:06.264000+00:00,0.013,not-afk
2026-01-15T20:01:06.262000+00:00,0.007,not-afk
2026-01-15T19:22:53.948000+00:00,2292.316,afk
2026-01-15T19:22:53.948000+00:00,554.455,afk
2026-01-15T19:22:53.948000+00:00,559.459,afk
2026-01-15T19:22:53.948000+00:00,549.438,afk
2026-01-15T19:19:25.065000+00:00,208.898,not-afk
2026-01-15T18:57:05.418000+00:00,1339.646,afk
2026-01-15T18:57:05.418000+00:00,210.178,afk
2026-01-15T18:57:05.418000+00:00,200.114,afk
2026-01-15T18:55:06.871000+00:00,118.56,not-afk
2026-01-15T18:55:06.871000+00:00,31.006,not-afk
2026-01-15T18:49:43.060000+00:00,323.824,afk
2026-01-15T18:49:43.060000+00:00,261.67,afk
2026-01-15T18:48:38.910000+00:00,64.163,not-afk
2026-01-15T18:44:22.668000+00:00,256.241,afk
2026-01-15T18:44:22.668000+00:00,205.947,afk
2026-01-15T18:44:22.668000+00:00,210.976,afk
2026-01-15T18:44:22.668000+00:00,200.92,afk
2026-01-15T18:42:40.630000+00:00,0,not-afk
2026-01-15T18:42:40.626000+00:00,0.008,not-afk
2026-01-15T18:42:40.624000+00:00,0,not-afk
2026-01-15T18:42:40.622000+00:00,0.014,not-afk
2026-01-15T18:42:40.621000+00:00,102.062,not-afk
2026-01-15T18:42:40.621000+00:00,97.537,not-afk
2026-01-15T18:33:24.482000+00:00,556.153,afk
2026-01-15T18:33:24.482000+00:00,201.29,afk
2026-01-15T18:33:24.482000+00:00,196.286,afk
2026-01-15T18:33:18.184000+00:00,6.312,not-afk
2026-01-15T18:25:37.200000+00:00,460.983,afk
2026-01-15T18:25:37.200000+00:00,287.131,afk
2026-01-15T18:25:37.200000+00:00,297.186,afk
2026-01-15T18:25:37.200000+00:00,297.186,afk
2026-01-15T18:25:37.200000+00:00,282.091,afk
2026-01-15T18:25:37.200000+00:00,302.213,afk
2026-01-15T18:25:37.200000+00:00,282.091,afk
2026-01-15T18:25:37.199000+00:00,0.015,not-afk
2026-01-15T18:25:37.198000+00:00,0.016,not-afk
2026-01-15T18:19:37.574000+00:00,359.625,afk
2026-01-15T18:19:37.574000+00:00,214.945,afk
2026-01-15T18:19:37.574000+00:00,225,afk
2026-01-15T18:19:37.574000+00:00,214.945,afk
2026-01-15T18:19:06.635000+00:00,30.954,not-afk
2026-01-15T17:54:12.232000+00:00,1494.402,afk
2026-01-15T17:54:12.232000+00:00,249.762,afk
2026-01-15T17:54:12.232000+00:00,254.889,afk
2026-01-15T17:54:12.232000+00:00,254.889,afk
2026-01-15T17:54:12.232000+00:00,239.655,afk
2026-01-14T22:29:25.430000+00:00,501.043,not-afk
2026-01-14T22:22:07.957000+00:00,437.472,afk
2026-01-14T22:22:07.957000+00:00,322.034,afk
2026-01-14T22:22:07.957000+00:00,327.049,afk
2026-01-14T22:22:07.957000+00:00,312.017,afk
2026-01-14T22:22:07.956000+00:00,0.016,not-afk
2026-01-14T22:14:32.161000+00:00,455.797,afk
2026-01-14T22:14:32.161000+00:00,271.443,afk
2026-01-14T22:14:32.161000+00:00,266.422,afk
2026-01-14T22:12:23.192000+00:00,128.983,not-afk
2026-01-14T22:12:23.192000+00:00,104.709,not-afk
2026-01-14T22:12:23.192000+00:00,79.684,not-afk
2026-01-14T22:01:16.082000+00:00,667.118,afk
2026-01-14T22:01:16.082000+00:00,470.97,afk
2026-01-14T22:01:16.082000+00:00,0.009,not-afk
2026-01-14T22:01:16.082000+00:00,481.012,afk
2026-01-14T22:01:16.082000+00:00,481.012,afk
2026-01-14T22:01:16.082000+00:00,486.04,afk
2026-01-14T22:01:16.082000+00:00,465.932,afk
2026-01-14T22:01:16.081000+00:00,0.016,not-afk
2026-01-14T21:57:04.693000+00:00,251.403,afk
2026-01-14T21:57:04.693000+00:00,235.288,afk
2026-01-14T21:57:04.693000+00:00,225.173,afk
2026-01-14T21:56:04.241000+00:00,60.466,not-afk
2026-01-14T21:43:37.348000+00:00,746.892,afk
2026-01-14T21:43:37.348000+00:00,295.509,afk
2026-01-14T21:43:37.348000+00:00,295.509,afk
2026-01-14T21:43:37.348000+00:00,305.539,afk
2026-01-14T21:43:37.348000+00:00,305.539,afk
2026-01-14T21:43:37.348000+00:00,285.477,afk
2026-01-14T21:42:56.068000+00:00,41.295,not-afk
2026-01-14T21:07:14.739000+00:00,2141.328,afk
2026-01-14T21:07:14.739000+00:00,204.093,afk
2026-01-14T21:07:14.739000+00:00,209.135,afk
2026-01-14T21:07:14.739000+00:00,0.015,not-afk
2026-01-14T21:07:14.739000+00:00,199.067,afk
2026-01-14T21:07:14.739000+00:00,194.051,afk
2026-01-14T21:07:14.738000+00:00,0.009,not-afk
2026-01-14T21:01:50.333000+00:00,324.412,afk
2026-01-14T21:01:50.333000+00:00,267.496,afk
2026-01-14T21:01:50.333000+00:00,267.496,afk
2026-01-14T21:01:50.333000+00:00,272.522,afk
2026-01-14T21:01:50.333000+00:00,257.462,afk
2026-01-14T21:00:20.573000+00:00,89.774,not-afk
2026-01-14T20:55:11.802000+00:00,308.77,afk
2026-01-14T20:55:11.802000+00:00,251.574,afk
2026-01-14T20:54:07.663000+00:00,64.152,not-afk
2026-01-14T20:49:54.163000+00:00,253.499,afk
2026-01-14T20:47:56.092000+00:00,118.083,not-afk
2026-01-14T20:31:47.910000+00:00,968.181,afk
2026-01-14T20:31:47.910000+00:00,266.469,afk
2026-01-14T20:31:47.910000+00:00,276.507,afk
2026-01-14T20:31:47.910000+00:00,261.454,afk
2026-01-14T20:31:47.909000+00:00,0.016,not-afk
2026-01-14T20:26:28.490000+00:00,319.424,afk
2026-01-14T20:26:28.490000+00:00,204.86,afk
2026-01-14T20:25:52.610000+00:00,0.002,not-afk
2026-01-14T20:25:52.598000+00:00,35.905,not-afk
2026-01-14T20:25:52.598000+00:00,35.312,not-afk
2026-01-14T20:22:24.526000+00:00,208.086,afk
2026-01-14T20:22:24.526000+00:00,208.086,afk
2026-01-14T20:17:21.663000+00:00,302.873,not-afk
2026-01-14T19:55:17.598000+00:00,1324.064,afk
2026-01-14T19:55:17.598000+00:00,324.717,afk
2026-01-14T19:55:17.598000+00:00,324.717,afk
2026-01-14T19:55:17.598000+00:00,334.836,afk
2026-01-14T19:55:17.598000+00:00,314.632,afk
2026-01-14T19:48:23.427000+00:00,414.186,not-afk
2026-01-14T19:48:23.427000+00:00,91.914,not-afk
2026-01-14T19:48:23.427000+00:00,106.914,not-afk
2026-01-14T19:48:23.427000+00:00,36.862,not-afk
2026-01-14T19:44:41.772000+00:00,221.668,afk
2026-01-14T19:44:41.772000+00:00,198.199,afk
2026-01-14T19:44:41.771000+00:00,0.014,not-afk
2026-01-12T22:51:20.884000+00:00,2100.135,afk
2026-01-12T22:51:20.884000+00:00,207.89,afk
2026-01-12T22:51:20.884000+00:00,217.964,afk
2026-01-12T22:51:20.884000+00:00,202.871,afk
2026-01-12T22:51:20.883000+00:00,0.015,not-afk
2026-01-12T22:39:34.634000+00:00,706.262,afk
2026-01-12T22:39:34.634000+00:00,321.108,afk
2026-01-12T22:36:23.683000+00:00,190.965,not-afk
2026-01-12T22:10:12.149000+00:00,1571.533,afk
2026-01-12T22:09:07.405000+00:00,64.758,not-afk
2026-01-12T22:02:39.929000+00:00,387.475,afk
2026-01-12T22:02:39.929000+00:00,379.457,afk
2026-01-12T22:02:39.929000+00:00,384.474,afk
2026-01-12T22:02:39.929000+00:00,387.475,afk
2026-01-12T22:02:39.929000+00:00,369.423,afk
2026-01-12T22:00:32.427000+00:00,127.518,not-afk
2026-01-12T21:57:25.816000+00:00,186.61,afk
2026-01-12T21:57:16.941000+00:00,8.879,not-afk
2026-01-12T21:42:19.195000+00:00,897.745,afk
2026-01-12T21:42:19.195000+00:00,641.039,afk
2026-01-12T21:42:19.195000+00:00,646.054,afk
2026-01-12T21:42:19.195000+00:00,630.973,afk
2026-01-12T21:41:51.215000+00:00,27.995,not-afk
2026-01-12T21:34:31.712000+00:00,439.502,afk
2026-01-12T21:34:31.712000+00:00,248.858,afk
2026-01-12T21:34:31.712000+00:00,248.858,afk
2026-01-12T21:34:31.712000+00:00,258.871,afk
2026-01-12T21:34:31.712000+00:00,238.841,afk
2026-01-12T21:17:23.510000+00:00,1028.216,not-afk
2026-01-12T21:09:14.524000+00:00,488.985,afk
2026-01-12T21:09:14.524000+00:00,488.985,afk
2026-01-12T21:09:14.524000+00:00,486.332,afk
2026-01-12T21:06:25.870000+00:00,168.668,not-afk
2026-01-12T14:39:04.087000+00:00,23241.782,afk
2026-01-12T14:39:04.087000+00:00,260.296,afk
2026-01-12T14:39:04.087000+00:00,260.296,afk
2026-01-12T14:39:04.087000+00:00,255.278,afk
2026-01-12T14:39:04.085000+00:00,0.017,not-afk
2026-01-12T14:35:30.118000+00:00,213.968,afk
2026-01-12T14:35:30.118000+00:00,208.67,afk
2026-01-12T14:35:30.118000+00:00,203.653,afk
2026-01-12T14:04:58.768000+00:00,1831.364,not-afk
2026-01-12T13:56:39.290000+00:00,499.477,afk
2026-01-12T13:56:39.290000+00:00,213.754,afk
2026-01-12T13:56:39.290000+00:00,203.727,afk
2026-01-12T13:08:06.098000+00:00,2913.206,not-afk
2026-01-12T13:02:36.806000+00:00,329.291,afk
2026-01-12T13:02:36.806000+00:00,269.288,afk
2026-01-12T13:02:36.806000+00:00,274.296,afk
2026-01-12T13:02:36.806000+00:00,259.248,afk
2026-01-12T12:08:28.793000+00:00,3248.027,not-afk
2026-01-11T23:40:59.654000+00:00,285.605,not-afk
2026-01-11T23:36:42.928000+00:00,256.725,afk
2026-01-11T23:36:42.928000+00:00,236.71,afk
2026-01-11T23:36:42.928000+00:00,231.697,afk
2026-01-11T23:36:34.183000+00:00,8.759,not-afk
2026-01-11T23:29:59.893000+00:00,394.289,afk
2026-01-11T23:29:59.893000+00:00,268.786,afk
2026-01-11T23:29:59.893000+00:00,258.747,afk
2026-01-11T23:26:47.467000+00:00,192.439,not-afk
2026-01-11T23:22:50.357000+00:00,237.109,afk
2026-01-11T23:22:50.357000+00:00,207.289,afk
2026-01-11T23:22:50.357000+00:00,217.322,afk
2026-01-11T23:22:50.357000+00:00,207.289,afk
2026-01-11T23:22:46.945000+00:00,3.424,not-afk
2026-01-11T23:17:24.932000+00:00,322.012,afk
2026-01-11T23:17:24.932000+00:00,307.187,afk
2026-01-11T23:17:24.932000+00:00,302.176,afk
2026-01-11T23:13:10.861000+00:00,254.086,not-afk
2026-01-11T23:06:56.105000+00:00,374.755,afk
2026-01-11T23:06:56.105000+00:00,274.499,afk
2026-01-11T23:06:56.105000+00:00,274.499,afk
2026-01-11T23:06:56.105000+00:00,284.506,afk
2026-01-11T23:06:56.105000+00:00,264.471,afk
2026-01-11T23:06:34.820000+00:00,21.299,not-afk
2026-01-11T23:03:20.562000+00:00,194.257,afk
2026-01-11T23:03:20.562000+00:00,194.257,afk
2026-01-11T22:56:18.525000+00:00,422.047,not-afk
2026-01-11T22:56:18.524000+00:00,0,afk
2026-01-11T22:41:31.460000+00:00,190.892,afk
2026-01-11T22:41:31.460000+00:00,190.892,afk
2026-01-11T22:41:31.451000+00:00,234.391,afk
2026-01-11T21:54:30.342000+00:00,2821.121,not-afk
2026-01-11T21:47:16.557000+00:00,433.784,afk
2026-01-11T21:25:22.268000+00:00,1314.304,not-afk
2026-01-11T21:18:52.605000+00:00,389.662,afk
2026-01-11T21:18:52.605000+00:00,220.655,afk
2026-01-11T21:18:47.681000+00:00,4.938,not-afk
2026-01-11T21:09:45.698000+00:00,541.982,afk
2026-01-11T21:09:45.698000+00:00,371.702,afk
2026-01-11T21:09:45.698000+00:00,381.729,afk
2026-01-11T21:09:45.698000+00:00,0.015,not-afk
2026-01-11T21:09:45.698000+00:00,371.702,afk
2026-01-11T21:09:45.698000+00:00,381.729,afk
2026-01-11T21:09:45.698000+00:00,361.686,afk
2026-01-11T21:06:24.338000+00:00,201.364,afk
2026-01-11T21:06:21.192000+00:00,3.162,not-afk
2026-01-11T21:02:44.137000+00:00,217.054,afk
2026-01-11T21:02:44.137000+00:00,217.054,afk
2026-01-11T21:02:44.137000+00:00,212.29,afk
2026-01-11T21:02:44.135000+00:00,0.015,not-afk
2026-01-11T20:49:09.777000+00:00,814.364,afk
2026-01-11T20:49:09.777000+00:00,395.085,afk
2026-01-11T20:49:09.777000+00:00,400.092,afk
2026-01-11T20:49:09.777000+00:00,385.048,afk
2026-01-11T20:48:53.900000+00:00,15.891,not-afk
2026-01-11T20:36:55.729000+00:00,718.17,afk
2026-01-11T20:36:55.729000+00:00,542.525,afk
2026-01-11T20:36:55.729000+00:00,547.544,afk
2026-01-11T20:36:55.729000+00:00,552.594,afk
2026-01-11T20:36:55.729000+00:00,532.496,afk
2026-01-11T20:36:55.728000+00:00,0.015,not-afk
2026-01-11T20:33:21.248000+00:00,214.481,afk
2026-01-11T20:33:21.248000+00:00,210.633,afk
2026-01-11T20:33:21.248000+00:00,200.598,afk
2026-01-11T20:30:58.320000+00:00,142.94,not-afk
2026-01-11T20:24:01.340000+00:00,416.979,afk
2026-01-11T20:24:01.340000+00:00,194.294,afk
2026-01-11T20:23:04.808000+00:00,56.546,not-afk
2026-01-11T20:14:24.901000+00:00,519.906,afk
2026-01-11T20:14:24.901000+00:00,254.052,afk
2026-01-11T20:14:24.901000+00:00,244.025,afk
2026-01-11T20:13:18.224000+00:00,66.692,not-afk
2026-01-11T19:53:34.667000+00:00,1183.556,afk
2026-01-11T19:53:34.667000+00:00,887.836,afk
2026-01-11T19:53:34.667000+00:00,892.847,afk
2026-01-11T19:53:34.667000+00:00,902.878,afk
2026-01-11T19:53:34.667000+00:00,882.818,afk
2026-01-11T19:53:17.328000+00:00,17.354,not-afk
2026-01-11T19:49:02.808000+00:00,254.519,afk
2026-01-11T19:49:02.808000+00:00,254.519,afk
2026-01-11T19:49:02.808000+00:00,251.707,afk
2026-01-11T19:49:02.807000+00:00,0.014,not-afk
2026-01-11T19:32:00.448000+00:00,1022.359,afk
2026-01-11T19:32:00.448000+00:00,206.324,afk
2026-01-11T19:32:00.448000+00:00,211.333,afk
2026-01-11T19:32:00.448000+00:00,221.389,afk
2026-01-11T19:32:00.448000+00:00,226.403,afk
2026-01-11T19:32:00.448000+00:00,0.014,not-afk
2026-01-11T19:32:00.448000+00:00,196.305,afk
2026-01-11T19:32:00.448000+00:00,221.389,afk
2026-01-11T19:32:00.448000+00:00,196.305,afk
2026-01-11T19:21:04.730000+00:00,655.729,afk
2026-01-11T19:20:23.701000+00:00,41.043,not-afk
2026-01-11T19:11:57.683000+00:00,506.017,afk
2026-01-11T19:11:57.683000+00:00,260.936,afk
2026-01-11T19:11:57.683000+00:00,260.936,afk
2026-01-11T19:11:57.683000+00:00,250.9,afk
2026-01-11T19:11:57.683000+00:00,270.97,afk
2026-01-11T19:11:57.683000+00:00,245.894,afk
2026-01-11T19:11:53.026000+00:00,4.671,not-afk
2026-01-11T19:01:33.027000+00:00,619.998,afk
2026-01-11T19:01:33.027000+00:00,203.532,afk
2026-01-11T19:01:31.196000+00:00,1.844,not-afk
2026-01-11T18:57:54.903000+00:00,216.292,afk
2026-01-11T18:57:54.903000+00:00,206.271,afk
2026-01-11T18:57:54.903000+00:00,196.238,afk
2026-01-11T18:56:43.067000+00:00,71.848,not-afk
2026-01-11T18:53:16.562000+00:00,188.985,afk
2026-01-11T18:53:16.560000+00:00,0.011,not-afk
2026-01-11T18:53:16.559000+00:00,206.507,afk
2026-01-11T18:53:16.559000+00:00,206.507,afk
2026-01-11T18:53:16.558000+00:00,0.014,not-afk
2026-01-11T18:53:16.557000+00:00,0.012,not-afk
2026-01-11T18:47:48.012000+00:00,328.56,afk
2026-01-11T18:47:48.012000+00:00,252.01,afk
2026-01-11T18:47:48.012000+00:00,262.026,afk
2026-01-11T18:47:48.012000+00:00,246.999,afk
2026-01-11T18:41:36.855000+00:00,371.169,not-afk
2026-01-11T18:41:36.855000+00:00,257.325,not-afk
2026-01-11T18:41:36.855000+00:00,267.388,not-afk
2026-01-11T18:41:36.855000+00:00,157.206,not-afk
2026-01-11T18:35:56.511000+00:00,340.352,afk
2026-01-11T18:35:56.511000+00:00,206.33,afk
2026-01-11T18:33:40.903000+00:00,135.621,not-afk
2026-01-11T16:58:23.822000+00:00,341.67,afk
2026-01-11T16:58:23.822000+00:00,341.67,afk
2026-01-11T16:58:23.822000+00:00,326.603,afk
2026-01-11T16:58:22.409000+00:00,5709.597,afk
2026-01-11T16:58:22.409000+00:00,5709.597,afk
2026-01-11T16:58:22.407000+00:00,5718.495,afk
2026-01-11T16:58:22.407000+00:00,5718.495,afk
2026-01-11T16:57:56.983000+00:00,0.004,not-afk
2026-01-11T16:57:56.979000+00:00,26.858,not-afk
2026-01-11T16:57:56.979000+00:00,26.636,not-afk
2026-01-11T16:52:42.181000+00:00,314.803,afk
2026-01-11T16:52:42.181000+00:00,265.812,afk
2026-01-11T16:52:42.181000+00:00,270.858,afk
2026-01-11T16:52:42.181000+00:00,260.704,afk
2026-01-11T16:52:41.743000+00:00,0.453,not-afk
2026-01-11T16:48:54.059000+00:00,227.683,afk
2026-01-11T16:48:45.997000+00:00,8.074,not-afk
2026-01-11T16:43:33.354000+00:00,312.642,afk
2026-01-11T16:43:33.354000+00:00,257.137,afk
2026-01-11T16:43:33.354000+00:00,257.137,afk
2026-01-11T16:43:33.354000+00:00,0.014,not-afk
2026-01-11T16:43:33.354000+00:00,236.875,afk
2026-01-11T16:43:33.354000+00:00,236.875,afk
2026-01-11T16:43:33.354000+00:00,241.943,afk
2026-01-11T16:43:33.354000+00:00,247.017,afk
2026-01-11T16:43:33.354000+00:00,226.723,afk
2026-01-11T16:39:12.823000+00:00,260.539,afk
2026-01-11T16:36:26.494000+00:00,166.342,not-afk
2026-01-11T16:36:26.494000+00:00,166.033,not-afk
2026-01-11T16:36:26.494000+00:00,81.895,not-afk
2026-01-11T16:31:06.886000+00:00,319.623,afk
2026-01-11T16:31:06.886000+00:00,234.998,afk
2026-01-11T16:31:06.886000+00:00,240.009,afk
2026-01-11T16:31:06.886000+00:00,229.983,afk
2026-01-11T16:31:01.419000+00:00,5.481,not-afk
2026-01-11T16:24:33.901000+00:00,387.517,afk
2026-01-11T16:24:33.901000+00:00,206.99,afk
2026-01-11T16:24:33.901000+00:00,201.974,afk
2026-01-11T16:24:30.450000+00:00,3.465,not-afk
2026-01-11T16:19:48.198000+00:00,282.251,afk
2026-01-11T16:19:48.198000+00:00,232.107,afk
2026-01-11T16:19:48.198000+00:00,222.089,afk
2026-01-11T16:00:11.016000+00:00,1177.196,not-afk
2026-01-11T15:53:03.729000+00:00,427.286,afk
2026-01-11T15:53:03.729000+00:00,217.631,afk
2026-01-11T15:53:03.729000+00:00,207.593,afk
2026-01-11T15:53:03.729000+00:00,222.651,afk
2026-01-11T15:53:03.729000+00:00,202.587,afk
2026-01-11T15:53:03.728000+00:00,0.014,not-afk
2026-01-11T15:53:03.727000+00:00,0.016,not-afk
2026-01-11T15:45:42.949000+00:00,440.789,afk
2026-01-11T15:45:13.629000+00:00,29.332,not-afk
2026-01-11T15:45:13.628000+00:00,0,afk
2026-01-11T15:16:36.275000+00:00,590.744,afk
2026-01-11T15:16:36.275000+00:00,595.758,afk
2026-01-11T15:16:36.275000+00:00,605.778,afk
2026-01-11T15:16:36.275000+00:00,605.778,afk
2026-01-11T15:16:36.275000+00:00,590.744,afk
2026-01-11T13:29:27.215000+00:00,6429.074,not-afk
2026-01-10T22:25:35.501000+00:00,237.585,afk
2026-01-10T22:25:35.501000+00:00,247.615,afk
2026-01-10T22:25:35.501000+00:00,232.571,afk
2026-01-10T22:25:35.501000+00:00,247.615,afk
2026-01-10T22:25:35.501000+00:00,232.571,afk
2026-01-10T21:35:29.183000+00:00,3006.355,not-afk
2026-01-10T21:35:29.182000+00:00,0,afk
2026-01-10T17:29:34.608000+00:00,11315.405,afk
2026-01-10T17:29:34.608000+00:00,421.653,afk
2026-01-10T17:29:34.608000+00:00,421.653,afk
2026-01-10T17:29:34.608000+00:00,431.671,afk
2026-01-10T17:29:34.608000+00:00,411.635,afk
2026-01-10T17:24:09.147000+00:00,325.475,not-afk
2026-01-10T16:59:27.279000+00:00,1481.867,afk
2026-01-10T16:59:27.279000+00:00,554.828,afk
2026-01-10T16:59:27.279000+00:00,564.856,afk
2026-01-10T16:59:27.279000+00:00,569.872,afk
2026-01-10T16:59:27.279000+00:00,549.806,afk
2026-01-10T16:32:56.626000+00:00,1590.667,not-afk
2026-01-09T23:24:28.404000+00:00,3679.355,not-afk
2026-01-08T23:18:03.214000+00:00,58.445,not-afk
2026-01-08T23:18:03.214000+00:00,83.416,not-afk
2026-01-08T23:18:03.214000+00:00,48.442,not-afk
2026-01-08T23:11:04.618000+00:00,418.597,afk
2026-01-08T23:11:04.618000+00:00,191.055,afk
2026-01-08T23:09:34.895000+00:00,89.738,not-afk
2026-01-08T23:02:53.478000+00:00,401.416,afk
2026-01-08T23:02:53.478000+00:00,211.139,afk
2026-01-08T23:02:53.478000+00:00,206.134,afk
2026-01-08T23:02:48.992000+00:00,4.501,not-afk
2026-01-08T22:52:01.383000+00:00,647.608,afk
2026-01-08T22:52:01.383000+00:00,271.693,afk
2026-01-08T22:52:01.383000+00:00,261.659,afk
2026-01-08T22:51:47.376000+00:00,14.022,not-afk
2026-01-08T22:45:42.634000+00:00,364.741,afk
2026-01-08T22:45:42.634000+00:00,204.266,afk
2026-01-08T22:44:26.168000+00:00,76.48,not-afk
2026-01-08T22:41:02.059000+00:00,204.108,afk
2026-01-08T22:41:02.059000+00:00,194.089,afk
2026-01-08T22:40:25.503000+00:00,36.567,not-afk
2026-01-08T21:06:56.681000+00:00,5608.821,afk
2026-01-08T21:06:56.681000+00:00,5316.109,afk
2026-01-08T21:02:06.221000+00:00,290.474,not-afk
2026-01-08T20:45:41.431000+00:00,984.789,afk
2026-01-08T20:45:41.431000+00:00,287.778,afk
2026-01-08T20:45:41.431000+00:00,287.778,afk
2026-01-08T20:45:41.431000+00:00,297.869,afk
2026-01-08T20:45:41.431000+00:00,277.705,afk
2026-01-08T20:45:41.430000+00:00,0.015,not-afk
2026-01-08T20:11:18.461000+00:00,2062.972,afk
2026-01-08T20:11:18.461000+00:00,311.029,afk
2026-01-08T20:11:18.461000+00:00,300.911,afk
2026-01-08T20:08:17.298000+00:00,181.178,not-afk
2026-01-08T18:00:29.306000+00:00,7667.991,afk
2026-01-08T18:00:29.306000+00:00,277.764,afk
2026-01-08T18:00:29.306000+00:00,267.677,afk
2026-01-08T18:00:15.447000+00:00,13.873,not-afk
2026-01-08T17:03:31.698000+00:00,3403.748,afk
2026-01-08T17:03:31.698000+00:00,558.982,afk
2026-01-08T17:03:31.698000+00:00,558.982,afk
2026-01-08T17:03:31.698000+00:00,569.108,afk
2026-01-08T17:03:31.698000+00:00,569.108,afk
2026-01-08T17:03:31.698000+00:00,579.202,afk
2026-01-08T17:03:31.698000+00:00,579.202,afk
2026-01-08T17:03:31.698000+00:00,589.231,afk
2026-01-08T17:03:31.698000+00:00,589.231,afk
2026-01-08T17:03:31.698000+00:00,599.269,afk
2026-01-08T17:03:31.698000+00:00,548.891,afk
2026-01-08T14:01:40.959000+00:00,10910.758,not-afk
2026-01-08T14:01:40.959000+00:00,69.633,not-afk
2026-01-07T23:43:32.304000+00:00,1112.68,not-afk
2026-01-07T23:31:29.769000+00:00,722.534,afk
2026-01-07T23:31:29.769000+00:00,349.092,afk
2026-01-07T23:31:29.769000+00:00,338.975,afk
2026-01-07T23:31:26.955000+00:00,2.828,not-afk
2026-01-07T23:27:02.753000+00:00,264.201,afk
2026-01-07T23:27:02.753000+00:00,238.966,afk
2026-01-07T23:27:02.753000+00:00,238.966,afk
2026-01-07T23:27:02.753000+00:00,244.011,afk
2026-01-07T23:27:02.753000+00:00,254.103,afk
2026-01-07T23:27:02.753000+00:00,228.872,afk
2026-01-07T23:26:14.992000+00:00,0,not-afk
2026-01-07T23:26:14.990000+00:00,47.777,not-afk
2026-01-07T23:26:14.990000+00:00,43.673,not-afk
2026-01-07T23:16:52.142000+00:00,562.851,afk
2026-01-07T23:16:52.142000+00:00,408.094,afk
2026-01-07T23:16:52.142000+00:00,403.077,afk
2026-01-07T23:12:28.190000+00:00,263.967,not-afk
2026-01-07T23:12:28.190000+00:00,263.966,not-afk
2026-01-07T23:12:28.190000+00:00,263.966,not-afk
2026-01-07T23:12:28.190000+00:00,150,not-afk
2026-01-07T23:09:19.575000+00:00,188.627,afk
2026-01-07T23:01:34.908000+00:00,464.671,not-afk
2026-01-07T23:01:34.908000+00:00,60.678,not-afk
2026-01-07T23:01:34.908000+00:00,36.566,not-afk
2026-01-07T22:52:01+00:00,573.913,afk
2026-01-07T22:52:01+00:00,400.835,afk
2026-01-07T22:52:01+00:00,390.804,afk
2026-01-07T22:47:13.972000+00:00,287.042,not-afk
2026-01-07T22:42:26.344000+00:00,287.627,afk
2026-01-07T22:42:26.344000+00:00,192.566,afk
2026-01-07T22:40:18.317000+00:00,128.039,not-afk
2026-01-07T22:27:11.059000+00:00,787.257,afk
2026-01-07T22:27:05.306000+00:00,5.768,not-afk
2026-01-07T22:23:42.984000+00:00,202.321,afk
2026-01-07T22:23:25.822000+00:00,17.172,not-afk
2026-01-07T22:12:53.603000+00:00,632.218,afk
2026-01-07T22:12:53.603000+00:00,321.03,afk
2026-01-07T22:12:53.603000+00:00,321.03,afk
2026-01-07T22:12:53.603000+00:00,331.055,afk
2026-01-07T22:12:53.603000+00:00,316.008,afk
2026-01-07T22:12:53.602000+00:00,0.015,not-afk
2026-01-07T22:04:16.725000+00:00,516.878,afk
2026-01-07T22:04:16.725000+00:00,206.315,afk
2026-01-07T22:03:32.272000+00:00,44.467,not-afk
2026-01-07T22:03:32.272000+00:00,44.465,not-afk
2026-01-07T22:03:32.272000+00:00,44.459,not-afk
2026-01-07T21:55:58.739000+00:00,453.539,afk
2026-01-07T21:55:58.739000+00:00,218.089,afk
2026-01-07T21:55:58.739000+00:00,208.053,afk
2026-01-07T21:54:01.846000+00:00,116.905,not-afk
2026-01-07T21:54:01.846000+00:00,54.432,not-afk
2026-01-07T21:48:21.972000+00:00,339.876,afk
2026-01-07T21:43:04.725000+00:00,317.259,not-afk
2026-01-07T21:30:40.087000+00:00,744.637,afk
2026-01-07T21:30:40.087000+00:00,333.089,afk
2026-01-07T21:30:40.087000+00:00,328.068,afk
2026-01-07T21:16:18.962000+00:00,861.137,not-afk
2026-01-07T21:16:18.962000+00:00,186.827,not-afk
2026-01-07T21:16:18.962000+00:00,155.707,not-afk
2026-01-07T21:12:43.298000+00:00,215.667,afk
2026-01-07T21:12:43.293000+00:00,0.01,not-afk
2026-01-07T21:12:43.291000+00:00,0.013,not-afk
2026-01-07T21:12:43.290000+00:00,0.012,not-afk
2026-01-07T20:49:31.893000+00:00,1391.399,afk
2026-01-07T20:49:31.893000+00:00,203.868,afk
2026-01-07T20:45:54.341000+00:00,217.566,not-afk
2026-01-07T20:23:15.615000+00:00,1358.725,afk
2026-01-07T20:23:15.615000+00:00,215.817,afk
2026-01-07T20:23:15.615000+00:00,210.811,afk
2026-01-07T20:20:25.668000+00:00,169.958,not-afk
2026-01-07T20:13:20.079000+00:00,425.588,afk
2026-01-07T20:07:53.678000+00:00,326.415,not-afk
2026-01-07T17:59:56.970000+00:00,7676.707,afk
2026-01-07T17:59:56.970000+00:00,248.931,afk
2026-01-07T17:59:56.970000+00:00,253.947,afk
2026-01-07T17:59:56.970000+00:00,238.907,afk
2026-01-07T17:55:54.836000+00:00,242.148,not-afk
2026-01-07T17:51:22.299000+00:00,272.536,afk
2026-01-07T17:51:22.299000+00:00,192.317,afk
2026-01-07T17:51:09.218000+00:00,13.094,not-afk
2026-01-07T17:43:54.188000+00:00,435.029,afk
2026-01-07T17:43:54.188000+00:00,399.882,afk
2026-01-07T17:43:54.188000+00:00,389.85,afk
2026-01-07T17:37:31.891000+00:00,382.31,not-afk
2026-01-07T17:37:31.891000+00:00,205.874,not-afk
2026-01-07T17:37:31.891000+00:00,75.703,not-afk
2026-01-07T17:26:49.047000+00:00,642.85,afk
2026-01-07T17:26:49.047000+00:00,507.973,afk
2026-01-07T17:26:49.047000+00:00,497.94,afk
2026-01-07T17:26:40.540000+00:00,8.523,not-afk
2026-01-07T17:21:06.315000+00:00,334.224,afk
2026-01-07T17:21:06.315000+00:00,269.002,afk
2026-01-07T17:12:43.210000+00:00,503.117,not-afk
2026-01-07T17:09:26.974000+00:00,196.235,afk
2026-01-07T16:53:10.163000+00:00,976.822,not-afk
2026-01-07T16:48:54.439000+00:00,255.723,afk
2026-01-07T16:48:54.439000+00:00,231.861,afk
2026-01-07T16:39:07.236000+00:00,587.216,not-afk
2026-01-07T16:39:07.236000+00:00,62.216,not-afk
2026-01-07T16:39:07.236000+00:00,32.333,not-afk
2026-01-07T16:31:23.407000+00:00,463.841,afk
2026-01-07T16:31:23.407000+00:00,285.52,afk
2026-01-07T16:31:23.407000+00:00,295.537,afk
2026-01-07T16:31:23.407000+00:00,280.477,afk
2026-01-07T16:29:47.952000+00:00,95.469,not-afk
2026-01-07T16:18:00.548000+00:00,707.403,afk
2026-01-07T16:18:00.548000+00:00,193.962,afk
2026-01-07T16:14:08.319000+00:00,232.243,not-afk
2026-01-07T15:58:55.110000+00:00,913.208,afk
2026-01-07T15:58:55.110000+00:00,260.383,afk
2026-01-07T15:58:55.110000+00:00,250.07,afk
2026-01-07T15:56:23.271000+00:00,151.854,not-afk
2026-01-07T15:42:10.766000+00:00,852.504,afk
2026-01-07T15:42:10.766000+00:00,384.647,afk
2026-01-07T15:42:10.766000+00:00,379.62,afk
2026-01-07T15:42:06.613000+00:00,4.166,not-afk
2026-01-07T15:37:29.971000+00:00,276.641,afk
2026-01-07T15:37:29.971000+00:00,243.241,afk
2026-01-07T15:37:29.971000+00:00,238.215,afk
2026-01-07T15:37:29.971000+00:00,238.215,afk
2026-01-07T15:37:29.971000+00:00,253.287,afk
2026-01-07T15:37:29.971000+00:00,258.318,afk
2026-01-07T15:37:29.971000+00:00,233.199,afk
2026-01-07T15:37:01.484000+00:00,28.501,not-afk
2026-01-07T15:22:02.516000+00:00,898.967,afk
2026-01-07T15:22:02.516000+00:00,280.491,afk
2026-01-07T15:22:02.516000+00:00,285.509,afk
2026-01-07T15:22:02.516000+00:00,290.563,afk
2026-01-07T15:22:02.516000+00:00,270.465,afk
2026-01-07T15:21:56.705000+00:00,5.825,not-afk
2026-01-07T15:04:04.595000+00:00,1072.109,afk
2026-01-07T15:04:04.595000+00:00,398.413,afk
2026-01-07T15:04:04.595000+00:00,403.426,afk
2026-01-07T15:04:04.595000+00:00,413.499,afk
2026-01-07T15:04:04.595000+00:00,413.499,afk
2026-01-07T15:04:04.595000+00:00,418.514,afk
2026-01-07T15:04:04.595000+00:00,423.528,afk
2026-01-07T15:04:04.595000+00:00,393.388,afk
2026-01-06T23:31:23.670000+00:00,10.052,not-afk
2026-01-06T23:20:05.065000+00:00,678.604,afk
2026-01-06T23:17:22.707000+00:00,162.371,not-afk
2026-01-06T23:09:29.878000+00:00,472.828,afk
2026-01-06T23:09:29.878000+00:00,205.258,afk
2026-01-06T23:09:29.878000+00:00,215.371,afk
2026-01-06T23:09:29.878000+00:00,200.248,afk
2026-01-06T23:09:29.877000+00:00,0.014,not-afk
2026-01-06T23:09:29.876000+00:00,0.014,not-afk
2026-01-06T22:52:17.314000+00:00,1032.575,afk
2026-01-06T22:52:17.314000+00:00,197.04,afk
2026-01-06T22:52:17.314000+00:00,197.04,afk
2026-01-06T22:52:17.314000+00:00,202.101,afk
2026-01-06T22:52:17.314000+00:00,187.011,afk
2026-01-06T22:52:17.313000+00:00,0.015,not-afk
2026-01-06T22:42:34.628000+00:00,582.693,afk
2026-01-06T22:42:34.628000+00:00,291.262,afk
2026-01-06T22:42:34.628000+00:00,301.338,afk
2026-01-06T22:42:34.628000+00:00,306.354,afk
2026-01-06T22:42:34.628000+00:00,286.205,afk
2026-01-06T22:42:34.399000+00:00,0.243,not-afk
2026-01-06T22:35:42.581000+00:00,411.817,afk
2026-01-06T22:35:42.581000+00:00,194.727,afk
2026-01-06T22:31:45.731000+00:00,236.863,not-afk
2026-01-06T22:17:42.877000+00:00,842.853,afk
2026-01-06T22:17:42.877000+00:00,444.176,afk
2026-01-06T22:12:35.407000+00:00,307.485,not-afk
2026-01-06T22:12:35.407000+00:00,174.107,not-afk
2026-01-06T22:12:35.407000+00:00,174.107,not-afk
2026-01-06T22:12:35.407000+00:00,174.106,not-afk
2026-01-06T22:01:22.564000+00:00,672.852,afk
2026-01-06T22:01:22.564000+00:00,304.197,afk
2026-01-06T21:58:00.714000+00:00,201.863,not-afk
2026-01-06T21:51:25.002000+00:00,395.711,afk
2026-01-06T21:51:25.002000+00:00,245.245,afk
2026-01-06T21:51:25.002000+00:00,245.245,afk
2026-01-06T21:51:25.002000+00:00,235.218,afk
2026-01-06T20:59:23.671000+00:00,3121.346,not-afk
2026-01-06T20:44:43.594000+00:00,880.076,afk
2026-01-06T20:44:43.594000+00:00,312.881,afk
2026-01-06T20:44:43.594000+00:00,302.848,afk
2026-01-06T20:44:43.594000+00:00,302.848,afk
2026-01-06T20:44:43.594000+00:00,292.796,afk
2026-01-05T22:59:32.441000+00:00,2686.479,not-afk
2026-01-05T22:55:55.745000+00:00,216.695,afk
2026-01-05T22:55:55.745000+00:00,206.679,afk
2026-01-05T22:55:55.745000+00:00,196.647,afk
2026-01-05T22:08:40.733000+00:00,2835.021,not-afk
2026-01-05T21:58:15.471000+00:00,625.261,afk
2026-01-05T21:58:15.471000+00:00,192.808,afk
2026-01-05T21:58:12.422000+00:00,3.06,not-afk
2026-01-05T17:46:27.307000+00:00,15105.114,afk
2026-01-05T17:46:27.307000+00:00,12178.734,afk
2026-01-05T17:46:27.307000+00:00,12188.801,afk
2026-01-05T17:46:27.307000+00:00,12188.801,afk
2026-01-05T17:46:27.307000+00:00,12198.886,afk
2026-01-05T17:46:27.307000+00:00,12203.901,afk
2026-01-05T17:46:27.307000+00:00,12208.919,afk
2026-01-05T17:46:27.307000+00:00,12213.935,afk
2026-01-05T17:46:27.307000+00:00,12173.72,afk
2026-01-05T17:45:13.611000+00:00,73.717,not-afk
2026-01-05T17:41:10.001000+00:00,243.609,afk
2026-01-05T17:30:42.399000+00:00,627.615,not-afk
2026-01-05T17:26:47.814000+00:00,234.584,afk
2026-01-05T17:24:31.638000+00:00,136.19,not-afk
2026-01-05T17:19:38.190000+00:00,293.447,afk
2026-01-05T17:19:38.190000+00:00,253.282,afk
2026-01-05T17:16:44.011000+00:00,174.192,not-afk
2026-01-05T17:11:51.376000+00:00,292.634,afk
2026-01-05T17:11:51.376000+00:00,239.002,afk
2026-01-05T17:11:51.376000+00:00,244.02,afk
2026-01-05T17:11:51.376000+00:00,254.067,afk
2026-01-05T17:11:51.376000+00:00,233.971,afk
2026-01-05T17:11:19.833000+00:00,31.553,not-afk
2026-01-05T17:07:07.989000+00:00,251.843,afk
2026-01-05T17:05:58.569000+00:00,69.431,not-afk
2026-01-05T17:00:54.673000+00:00,303.895,afk
2026-01-05T17:00:54.673000+00:00,284.44,afk
2026-01-05T16:57:38.954000+00:00,195.733,not-afk
2026-01-05T16:57:38.954000+00:00,13.479,not-afk
2026-01-05T16:57:38.954000+00:00,13.479,not-afk
2026-01-03T22:31:39.883000+00:00,150966.372,afk
2026-01-03T22:31:39.883000+00:00,236.437,afk
2026-01-03T22:31:39.883000+00:00,226.418,afk
2026-01-03T22:15:23.439000+00:00,976.458,not-afk
2026-01-03T19:51:08.758000+00:00,8654.68,afk
2026-01-03T19:51:08.758000+00:00,226.963,afk
2026-01-03T19:51:08.758000+00:00,216.935,afk
2026-01-03T19:28:51.764000+00:00,1337.008,not-afk
2026-01-03T19:17:18.740000+00:00,693.023,afk
2026-01-03T19:17:18.740000+00:00,205.351,afk
2026-01-03T19:17:18.740000+00:00,195.253,afk
2026-01-03T17:43:35.435000+00:00,5623.315,not-afk
2026-01-03T17:40:29.963000+00:00,185.471,afk
2026-01-03T17:21:55.026000+00:00,1114.936,not-afk
2026-01-03T14:30:16.776000+00:00,57.073,not-afk
2026-01-03T14:27:08.960000+00:00,187.815,afk
2026-01-03T14:26:18.218000+00:00,50.745,not-afk
2026-01-03T14:14:53.779000+00:00,240.944,not-afk
2026-01-02T17:32:33.624000+00:00,74540.154,afk
2026-01-02T17:32:33.624000+00:00,73434.23,afk
2026-01-02T17:32:33.624000+00:00,73434.23,afk
2025-12-30T22:21:44.300000+00:00,4767.759,not-afk
2025-12-30T20:32:30.438000+00:00,6553.861,afk
2025-12-30T20:32:30.438000+00:00,309.255,afk
2025-12-30T20:32:30.438000+00:00,314.285,afk
2025-12-30T20:32:30.438000+00:00,324.335,afk
2025-12-30T20:32:30.438000+00:00,304.235,afk
2025-12-30T19:18:28.750000+00:00,4441.702,not-afk
2025-12-30T00:43:14.185000+00:00,0,afk
2025-12-26T00:49:01.996000+00:00,340040.359,afk
2025-12-26T00:49:01.996000+00:00,338992.641,afk
2025-12-26T00:48:23.421000+00:00,38.575,not-afk
2025-12-26T00:48:23.420000+00:00,0,afk
2025-12-25T21:05:43.120000+00:00,2683.299,afk
2025-12-25T21:05:43.120000+00:00,214.983,afk
2025-12-25T21:05:43.120000+00:00,220.069,afk
2025-12-25T21:05:43.120000+00:00,209.942,afk
2025-12-25T19:39:20.501000+00:00,5182.633,not-afk
2025-12-23T18:16:52.923000+00:00,0,afk
2025-12-20T21:38:25.116000+00:00,241756.209,afk
2025-12-20T21:38:25.116000+00:00,91554.451,afk
2025-12-20T21:38:25.116000+00:00,91564.48,afk
2025-12-20T21:38:25.116000+00:00,91549.437,afk
2025-12-20T21:35:23.105000+00:00,182.027,not-afk
2025-12-20T15:05:29.026000+00:00,344.569,afk
2025-12-20T15:05:29.026000+00:00,208.762,afk
2025-12-20T15:05:29.026000+00:00,203.732,afk
2025-12-20T15:01:02.981000+00:00,266.059,not-afk
2025-12-20T15:01:02.981000+00:00,28.663,not-afk
2025-12-20T15:01:02.981000+00:00,13.632,not-afk
2025-12-20T10:55:47.933000+00:00,608.946,afk
2025-12-20T10:55:47.933000+00:00,191.329,afk
2025-12-20T10:52:37.449000+00:00,190.499,not-afk
2025-12-20T10:52:37.449000+00:00,65.189,not-afk
2025-12-20T10:52:37.449000+00:00,39.782,not-afk
2025-12-19T22:55:19.559000+00:00,1202.709,not-afk
2025-12-19T22:51:14.899000+00:00,244.659,afk
2025-12-19T22:51:14.899000+00:00,219.734,afk
2025-12-19T22:51:14.899000+00:00,224.746,afk
2025-12-19T22:51:14.899000+00:00,234.764,afk
2025-12-19T22:51:14.899000+00:00,214.712,afk
2025-12-19T21:47:40.586000+00:00,3814.328,not-afk
2025-12-19T21:39:29.696000+00:00,490.889,afk
2025-12-19T21:39:29.696000+00:00,295.103,afk
2025-12-19T21:39:29.696000+00:00,275.018,afk
2025-12-19T21:39:29.696000+00:00,285.073,afk
2025-12-19T21:39:29.696000+00:00,300.139,afk
2025-12-19T21:39:29.696000+00:00,300.139,afk
2025-12-19T21:39:29.696000+00:00,275.018,afk
2025-12-19T21:39:29.695000+00:00,0.015,not-afk
2025-12-17T23:07:29.487000+00:00,4033.076,not-afk
2025-12-17T22:55:26.743000+00:00,722.743,afk
2025-12-17T22:55:26.743000+00:00,190.352,afk
2025-12-17T21:41:57.360000+00:00,4409.393,not-afk
2025-12-17T14:48:06.413000+00:00,24830.946,afk
2025-12-17T14:48:06.413000+00:00,294.296,afk
2025-12-17T14:48:06.413000+00:00,299.303,afk
2025-12-17T14:48:06.413000+00:00,309.326,afk
2025-12-17T14:48:06.413000+00:00,289.28,afk
2025-12-17T14:47:39.997000+00:00,26.43,not-afk
2025-12-17T14:44:07.883000+00:00,212.113,afk
2025-12-17T14:44:07.883000+00:00,212.113,afk
2025-12-17T14:44:07.883000+00:00,202.164,afk
2025-12-17T13:10:25.579000+00:00,5622.318,not-afk
2025-12-17T13:06:29.402000+00:00,236.176,afk
2025-12-17T13:06:29.402000+00:00,222.664,afk
2025-12-17T13:06:29.402000+00:00,227.711,afk
2025-12-17T13:06:29.402000+00:00,227.711,afk
2025-12-17T13:06:29.402000+00:00,212.627,afk
2025-12-17T13:05:52.578000+00:00,36.834,not-afk
2025-12-16T21:35:26.423000+00:00,176.828,not-afk
2025-12-15T21:33:24.040000+00:00,86522.382,afk
2025-12-15T21:33:24.040000+00:00,609.108,afk
2025-12-15T21:33:24.040000+00:00,609.108,afk
2025-12-15T21:33:24.040000+00:00,599.053,afk
2025-12-15T21:27:49.781000+00:00,334.273,not-afk
2025-12-15T12:48:19.665000+00:00,31170.115,afk
2025-12-15T12:48:19.665000+00:00,782.077,afk
2025-12-15T12:48:19.665000+00:00,782.077,afk
2025-12-15T12:48:19.665000+00:00,772.059,afk
2025-12-15T11:56:07.134000+00:00,3132.546,not-afk
2025-12-15T11:56:07.134000+00:00,111.119,not-afk
2025-12-15T11:56:07.134000+00:00,126.177,not-afk
2025-12-15T11:56:07.134000+00:00,90.458,not-afk
2025-12-15T11:51:01.822000+00:00,305.316,afk
2025-12-15T11:51:01.822000+00:00,201.055,afk
2025-12-15T11:48:02.134000+00:00,179.702,not-afk
2025-12-15T11:42:58.619000+00:00,303.514,afk
2025-12-15T11:42:58.619000+00:00,223.353,afk
2025-12-15T11:19:22.987000+00:00,1415.646,not-afk
2025-12-15T11:06:30.524000+00:00,772.462,afk
2025-12-15T11:06:30.524000+00:00,492.713,afk
2025-12-15T11:06:30.524000+00:00,502.762,afk
2025-12-15T11:06:30.524000+00:00,502.762,afk
2025-12-15T11:06:30.524000+00:00,487.701,afk
2025-12-14T23:00:19.131000+00:00,2354.735,not-afk
2025-12-14T22:56:04.754000+00:00,254.376,afk
2025-12-14T22:56:04.754000+00:00,254.376,afk
2025-12-14T22:31:15.430000+00:00,1489.337,not-afk
2025-12-14T22:26:30.425000+00:00,285.004,afk
2025-12-14T22:26:29.739000+00:00,0.699,not-afk
2025-12-14T22:23:09.546000+00:00,200.192,afk
2025-12-14T22:23:09.546000+00:00,195.261,afk
2025-12-14T21:53:13.456000+00:00,1796.102,not-afk
2025-12-14T21:48:01.190000+00:00,312.265,afk
2025-12-14T21:19:01.426000+00:00,1739.775,not-afk
2025-12-14T21:15:27.387000+00:00,214.038,afk
2025-12-14T21:15:27.387000+00:00,193.977,afk
2025-12-14T21:13:36.093000+00:00,111.301,not-afk
2025-12-14T21:10:23.595000+00:00,192.497,afk
2025-12-14T21:10:23.595000+00:00,192.118,afk
2025-12-14T21:05:04.662000+00:00,318.935,not-afk
2025-12-14T21:01:29.433000+00:00,215.228,afk
2025-12-14T21:01:29.433000+00:00,215.228,afk
2025-12-14T21:01:29.433000+00:00,210.303,afk
2025-12-14T20:56:47.145000+00:00,282.302,not-afk
2025-12-12T14:18:55.479000+00:00,196671.665,afk
2025-12-12T14:18:55.479000+00:00,179745.72,afk
2025-12-12T14:10:38.618000+00:00,496.861,not-afk
2025-12-12T14:06:35.133000+00:00,186.048,afk
2025-12-12T14:06:35.133000+00:00,0.013,not-afk
2025-12-12T14:06:35.133000+00:00,186.048,afk
2025-12-12T14:06:35.132000+00:00,233.64,afk
2025-12-12T14:06:35.132000+00:00,243.485,afk
2025-12-12T14:06:35.132000+00:00,243.485,afk
2025-12-12T14:06:35.132000+00:00,233.64,afk
2025-12-12T14:06:35.131000+00:00,0.014,not-afk
2025-12-12T13:52:53.401000+00:00,199.753,afk
2025-12-12T13:52:53.401000+00:00,204.813,afk
2025-12-12T13:52:53.401000+00:00,199.753,afk
2025-12-12T13:20:38.820000+00:00,1934.592,not-afk
2025-12-12T13:20:38.820000+00:00,167.982,not-afk
2025-12-12T13:20:38.820000+00:00,167.982,not-afk
2025-12-12T13:20:38.820000+00:00,167.972,not-afk
2025-12-12T12:49:25.147000+00:00,496.904,not-afk
2025-12-12T12:49:25.147000+00:00,102.679,not-afk
2025-12-12T12:49:25.147000+00:00,60.669,not-afk
2025-12-12T00:07:26.402000+00:00,4917.837,not-afk
2025-12-12T00:04:16.523000+00:00,189.878,afk
2025-12-11T22:56:41.820000+00:00,4054.717,not-afk
2025-12-11T22:56:41.820000+00:00,98.216,not-afk
2025-12-11T22:56:41.820000+00:00,68.18,not-afk
2025-12-11T22:52:26.007000+00:00,255.815,afk
2025-12-11T22:52:26.007000+00:00,233.792,afk
2025-12-11T22:52:26.007000+00:00,243.843,afk
2025-12-11T22:52:26.007000+00:00,228.782,afk
2025-12-11T22:20:40.029000+00:00,1905.992,not-afk
2025-12-11T22:20:40.028000+00:00,0,afk
2025-12-11T18:49:30.867000+00:00,9811.047,afk
2025-12-11T18:49:30.867000+00:00,280.154,afk
2025-12-11T18:49:30.867000+00:00,285.182,afk
2025-12-11T18:49:30.867000+00:00,275.151,afk
2025-12-11T16:43:04.627000+00:00,7586.254,not-afk
2025-12-10T23:09:48.294000+00:00,398.721,afk
2025-12-10T23:09:48.294000+00:00,219.36,afk
2025-12-10T23:09:47.150000+00:00,1.158,not-afk
2025-12-10T23:01:29.668000+00:00,497.481,afk
2025-12-10T23:01:29.668000+00:00,266.863,afk
2025-12-10T23:01:29.668000+00:00,256.829,afk
2025-12-10T23:01:15.897000+00:00,13.786,not-afk
2025-12-10T22:51:57.465000+00:00,558.431,afk
2025-12-10T22:51:57.465000+00:00,212.421,afk
2025-12-10T22:51:57.465000+00:00,0.014,not-afk
2025-12-10T22:51:57.465000+00:00,202.378,afk
2025-12-10T22:51:57.465000+00:00,197.361,afk
2025-12-10T22:51:57.464000+00:00,0.016,not-afk
2025-12-10T22:38:27.293000+00:00,810.175,afk
2025-12-10T22:38:27.293000+00:00,461.195,afk
2025-12-10T22:38:27.293000+00:00,461.195,afk
2025-12-10T22:38:27.293000+00:00,0.015,not-afk
2025-12-10T22:38:27.293000+00:00,471.223,afk
2025-12-10T22:38:27.293000+00:00,476.234,afk
2025-12-10T22:38:27.293000+00:00,451.163,afk
2025-12-10T22:12:51.356000+00:00,1535.947,afk
2025-12-10T22:12:51.356000+00:00,1404.936,afk
2025-12-10T22:12:51.356000+00:00,1394.921,afk
2025-12-10T22:12:42.121000+00:00,9.25,not-afk
2025-12-10T22:05:43.169000+00:00,418.951,afk
2025-12-10T22:05:43.169000+00:00,253.178,afk
2025-12-10T22:05:43.169000+00:00,243.096,afk
2025-12-10T22:05:40.513000+00:00,2.669,not-afk
2025-12-10T21:57:13.434000+00:00,507.078,afk
2025-12-10T21:57:13.434000+00:00,195.081,afk
2025-12-10T21:57:06.612000+00:00,6.835,not-afk
2025-12-10T21:43:43.294000+00:00,803.317,afk
2025-12-10T21:43:43.294000+00:00,277.381,afk
2025-12-10T21:43:43.294000+00:00,267.366,afk
2025-12-10T21:43:43.294000+00:00,287.405,afk
2025-12-10T21:43:43.294000+00:00,287.405,afk
2025-12-10T21:43:43.294000+00:00,292.41,afk
2025-12-10T21:43:43.294000+00:00,302.528,afk
2025-12-10T21:43:43.294000+00:00,302.528,afk
2025-12-10T21:43:43.294000+00:00,312.561,afk
2025-12-10T21:43:43.294000+00:00,267.366,afk
2025-12-10T21:43:43.294000+00:00,312.561,afk
2025-12-10T21:43:43.294000+00:00,262.362,afk
2025-12-10T21:43:43.293000+00:00,0.015,not-afk
2025-12-10T21:38:40.324000+00:00,302.983,afk
2025-12-10T21:38:40.324000+00:00,269.075,afk
2025-12-10T21:32:01.387000+00:00,398.95,not-afk
2025-12-10T21:32:01.387000+00:00,189.335,not-afk
2025-12-10T21:32:01.387000+00:00,166.399,not-afk
2025-12-10T21:27:59.371000+00:00,242.02,afk
2025-12-10T21:27:59.371000+00:00,242.02,afk
2025-12-10T21:27:59.371000+00:00,237.922,afk
2025-12-10T21:27:59.370000+00:00,0.004,not-afk
2025-12-09T23:37:16.873000+00:00,300.585,not-afk
2025-12-09T23:31:44.141000+00:00,332.731,afk
2025-12-09T23:31:44.141000+00:00,272.593,afk
2025-12-09T23:31:44.141000+00:00,262.543,afk
2025-12-09T23:22:34.126000+00:00,550.03,not-afk
2025-12-09T23:22:34.126000+00:00,32.753,not-afk
2025-12-09T23:22:34.126000+00:00,10.744,not-afk
2025-12-09T22:53:23.188000+00:00,1207.834,afk
2025-12-09T22:53:23.188000+00:00,307.154,afk
2025-12-09T22:53:23.188000+00:00,312.167,afk
2025-12-09T22:53:23.188000+00:00,302.149,afk
2025-12-09T22:38:12.251000+00:00,910.952,not-afk
2025-12-09T22:38:12.251000+00:00,211.177,not-afk
2025-12-09T22:38:12.251000+00:00,226.112,not-afk
2025-12-09T22:38:12.251000+00:00,151.045,not-afk
2025-12-09T22:32:06.923000+00:00,365.341,afk
2025-12-09T22:32:06.923000+00:00,225.725,afk
2025-12-09T22:32:06.923000+00:00,215.696,afk
2025-12-09T22:31:52.126000+00:00,14.811,not-afk
2025-12-09T22:26:07.408000+00:00,344.717,afk
2025-12-09T22:26:07.408000+00:00,209.21,afk
2025-12-09T22:04:28.270000+00:00,1299.152,not-afk
2025-12-09T22:00:41.830000+00:00,226.439,afk
2025-12-09T22:00:41.830000+00:00,201.86,afk
2025-12-09T21:31:26.321000+00:00,1755.521,not-afk
2025-12-09T21:23:08.391000+00:00,497.929,afk
2025-12-09T21:23:08.391000+00:00,360.552,afk
2025-12-09T21:23:08.391000+00:00,355.534,afk
2025-12-09T21:22:53.045000+00:00,15.361,not-afk
2025-12-09T21:18:26.816000+00:00,266.228,afk
2025-12-09T21:18:26.816000+00:00,196.032,afk
2025-12-09T21:18:26.816000+00:00,191.001,afk
2025-12-09T21:18:26.815000+00:00,0.012,not-afk
2025-12-09T21:18:26.813000+00:00,0.014,not-afk
2025-12-09T00:12:02.930000+00:00,771.726,not-afk
2025-12-09T00:03:27.176000+00:00,515.753,afk
2025-12-09T00:03:27.176000+00:00,245.014,afk
2025-12-08T23:53:24.700000+00:00,602.489,not-afk
2025-12-08T23:50:02.931000+00:00,201.768,afk
2025-12-08T23:50:02.931000+00:00,192.489,afk
2025-12-08T23:33:22.600000+00:00,1000.34,not-afk
2025-12-08T23:33:22.600000+00:00,28.565,not-afk
2025-12-08T23:33:22.600000+00:00,15.343,not-afk
2025-12-08T22:54:47.839000+00:00,534.54,afk
2025-12-08T22:54:47.839000+00:00,519.448,afk
2025-12-08T22:54:47.836000+00:00,579.809,afk
2025-12-08T22:54:47.836000+00:00,584.868,afk
2025-12-08T22:54:47.836000+00:00,559.754,afk
2025-12-08T22:54:47.836000+00:00,559.754,afk
2025-12-08T22:54:47.836000+00:00,569.793,afk
2025-12-08T22:54:47.836000+00:00,569.793,afk
2025-12-08T22:54:47.836000+00:00,579.809,afk
2025-12-08T22:54:47.836000+00:00,589.924,afk
2025-12-08T22:54:47.836000+00:00,554.659,afk
2025-12-08T22:54:47.833000+00:00,605.105,afk
2025-12-08T22:54:47.833000+00:00,610.136,afk
2025-12-08T22:54:47.833000+00:00,610.136,afk
2025-12-08T22:54:47.833000+00:00,620.167,afk
2025-12-08T22:54:47.833000+00:00,620.167,afk
2025-12-08T22:54:47.833000+00:00,600.099,afk
2025-12-08T22:24:18.383000+00:00,1829.502,not-afk
2025-12-08T22:19:09.810000+00:00,278.563,afk
2025-12-08T22:19:09.808000+00:00,288.636,afk
2025-12-08T22:19:09.808000+00:00,298.681,afk
2025-12-08T22:19:09.808000+00:00,298.681,afk
2025-12-08T22:19:09.808000+00:00,308.574,afk
2025-12-08T22:19:09.808000+00:00,308.574,afk
2025-12-08T22:19:09.808000+00:00,288.636,afk
2025-12-08T22:18:57.048000+00:00,12.803,not-afk
2025-12-08T22:11:46.088000+00:00,395.669,afk
2025-12-08T22:11:46.088000+00:00,385.585,afk
2025-12-08T22:11:46.088000+00:00,390.636,afk
2025-12-08T22:11:46.088000+00:00,380.536,afk
2025-12-08T22:11:46.085000+00:00,410.773,afk
2025-12-08T22:11:46.085000+00:00,415.804,afk
2025-12-08T22:11:46.085000+00:00,420.823,afk
2025-12-08T22:11:46.085000+00:00,420.823,afk
2025-12-08T22:11:46.085000+00:00,405.738,afk
2025-12-08T22:11:46.082000+00:00,430.965,afk
2025-12-08T22:11:46.082000+00:00,430.965,afk
2025-12-08T21:27:05.640000+00:00,2680.515,not-afk
2025-12-08T15:27:21.324000+00:00,5086.873,not-afk
2025-12-08T13:28:50.850000+00:00,1612.06,afk
2025-12-08T13:28:50.850000+00:00,829.505,afk
2025-12-08T13:28:50.850000+00:00,829.505,afk
2025-12-08T13:28:50.850000+00:00,819.471,afk
2025-12-08T13:01:29.548000+00:00,1641.317,not-afk
2025-12-08T12:55:58.570000+00:00,330.977,afk
2025-12-08T12:55:58.570000+00:00,265.891,afk
2025-12-08T12:55:58.570000+00:00,255.857,afk
2025-12-08T12:33:05.516000+00:00,1373.067,not-afk
2025-12-08T12:28:13.695000+00:00,291.82,afk
2025-12-08T12:28:13.695000+00:00,236.986,afk
2025-12-08T12:28:13.695000+00:00,226.952,afk
2025-12-08T12:22:54.558000+00:00,319.151,not-afk
2025-12-08T12:19:16.711000+00:00,217.846,afk
2025-12-08T12:19:16.711000+00:00,197.781,afk
2025-12-08T12:16:25.261000+00:00,171.462,not-afk
2025-12-08T12:12:48.477000+00:00,216.783,afk
2025-12-08T12:12:48.477000+00:00,190.285,afk
2025-12-08T11:56:41.651000+00:00,966.839,not-afk
2025-12-08T11:52:00.493000+00:00,281.157,afk
2025-12-08T11:52:00.493000+00:00,281.157,afk
2025-12-08T11:52:00.493000+00:00,271.126,afk
2025-12-08T11:44:04.892000+00:00,475.614,not-afk
2025-12-08T11:12:16.867000+00:00,1908.024,afk
2025-12-08T11:12:16.867000+00:00,223.684,afk
2025-12-08T11:12:16.867000+00:00,0.009,not-afk
2025-12-08T11:12:16.867000+00:00,223.684,afk
2025-12-08T11:12:16.867000+00:00,213.638,afk
2025-12-07T23:19:06.723000+00:00,2209.391,not-afk
2025-12-07T23:12:26.936000+00:00,399.786,afk
2025-12-07T23:12:26.936000+00:00,219.12,afk
2025-12-07T23:12:00.511000+00:00,26.44,not-afk
2025-12-07T22:50:25.835000+00:00,1294.675,afk
2025-12-07T22:50:25.835000+00:00,381.629,afk
2025-12-07T22:50:25.835000+00:00,371.596,afk
2025-12-07T22:40:10.341000+00:00,615.507,not-afk
2025-12-07T22:36:50.227000+00:00,200.113,afk
2025-12-07T22:36:50.227000+00:00,195.125,afk
2025-12-07T22:28:04.038000+00:00,526.191,not-afk
2025-12-07T22:24:45.206000+00:00,198.831,afk
2025-12-07T22:24:45.206000+00:00,193.813,afk
2025-12-07T22:18:00.281000+00:00,404.932,not-afk
2025-12-07T22:14:07.823000+00:00,232.457,afk
2025-12-07T22:14:07.823000+00:00,215.094,afk
2025-12-07T22:12:37.112000+00:00,90.725,not-afk
2025-12-07T22:09:04.747000+00:00,212.364,afk
2025-12-07T22:09:04.747000+00:00,197.503,afk
2025-12-07T21:59:30.775000+00:00,573.984,not-afk
2025-12-07T21:55:39.952000+00:00,230.822,afk
2025-12-07T21:39:48.307000+00:00,951.655,not-afk
2025-12-07T21:33:13.979000+00:00,394.327,afk
2025-12-07T21:33:13.979000+00:00,284.005,afk
2025-12-07T21:33:13.979000+00:00,273.939,afk
2025-12-07T21:31:05.412000+00:00,128.582,not-afk
2025-12-07T21:22:37.323000+00:00,508.088,afk
2025-12-07T21:21:10.064000+00:00,87.273,not-afk
2025-12-07T21:17:51.973000+00:00,198.09,afk
2025-12-07T20:57:02.396000+00:00,1249.58,not-afk
2025-12-07T19:39:33.689000+00:00,4648.706,afk
2025-12-07T19:39:33.689000+00:00,303.741,afk
2025-12-07T19:39:33.689000+00:00,293.706,afk
2025-12-07T19:33:25.937000+00:00,367.766,not-afk
2025-12-07T19:27:15.281000+00:00,370.655,afk
2025-12-07T19:27:15.281000+00:00,230.23,afk
2025-12-07T19:01:37.363000+00:00,1537.931,not-afk
2025-12-07T18:58:26.169000+00:00,191.193,afk
2025-12-07T18:36:29.502000+00:00,1316.672,not-afk
2025-12-07T18:33:12.412000+00:00,197.089,afk
2025-12-07T18:09:05.624000+00:00,1446.801,not-afk
2025-12-07T18:05:26.616000+00:00,219.007,afk
2025-12-07T18:05:26.616000+00:00,219.007,afk
2025-12-07T18:05:26.616000+00:00,209.001,afk
2025-12-07T18:05:23.390000+00:00,3.238,not-afk
2025-12-07T17:49:26.130000+00:00,957.259,afk
2025-12-07T17:49:26.130000+00:00,778.531,afk
2025-12-07T17:49:26.130000+00:00,783.562,afk
2025-12-07T17:49:26.130000+00:00,793.594,afk
2025-12-07T17:49:26.130000+00:00,773.511,afk
2025-12-07T17:39:59.681000+00:00,566.464,not-afk
2025-12-07T16:04:02.112000+00:00,5757.568,afk
2025-12-07T16:04:02.112000+00:00,313.263,afk
2025-12-07T16:04:02.112000+00:00,313.263,afk
2025-12-07T16:04:02.112000+00:00,318.27,afk
2025-12-07T16:04:02.112000+00:00,328.306,afk
2025-12-07T16:04:02.112000+00:00,303.233,afk
2025-12-07T15:45:28.361000+00:00,1113.764,not-afk
2025-12-07T15:42:16.628000+00:00,191.732,afk
2025-12-07T15:42:16.628000+00:00,191.732,afk
2025-12-07T15:41:27.182000+00:00,49.457,not-afk
2025-12-07T15:36:54.106000+00:00,273.075,afk
2025-12-07T15:34:46.440000+00:00,127.678,not-afk
2025-12-07T15:30:50.161000+00:00,236.278,afk
2025-12-07T15:30:50.161000+00:00,231.272,afk
2025-12-07T15:30:50.161000+00:00,236.278,afk
2025-12-07T15:30:50.161000+00:00,221.255,afk
2025-12-07T15:24:09.598000+00:00,400.576,not-afk
2025-12-07T15:17:36.738000+00:00,392.859,afk
2025-12-07T15:17:36.738000+00:00,247.909,afk
2025-12-07T15:17:36.738000+00:00,257.942,afk
2025-12-07T15:17:36.738000+00:00,247.909,afk
2025-12-07T15:15:18.792000+00:00,137.954,not-afk
2025-12-07T15:11:47.590000+00:00,211.201,afk
2025-12-07T15:11:47.590000+00:00,201.214,afk
2025-12-07T15:11:47.590000+00:00,196.192,afk
2025-12-07T15:09:43.181000+00:00,124.418,not-afk
2025-12-07T15:05:56.873000+00:00,226.307,afk
2025-12-07T15:05:47.165000+00:00,9.719,not-afk
2025-12-07T15:01:06.207000+00:00,280.957,afk
2025-12-07T15:01:06.207000+00:00,206.136,afk
2025-12-07T15:01:06.207000+00:00,201.124,afk
2025-12-07T14:38:41.884000+00:00,1344.335,not-afk
